"","p_val","avg_log2FC","pct.1","pct.2","p_val_adj"
"ANXA2",7.25438918522523e-34,11.417921847036,0.736,0.262,1.26944556352256e-29
"MAL2",1.53977224018041e-25,9.60711667889868,0.727,0.276,2.6944474430917e-21
"PPP1R15A",1.12394970412456e-24,49.8319962042824,0.719,0.312,1.96679958724756e-20
"HMGA1",2.27370337930963e-23,4.37036078774962,0.678,0.263,3.97875354345392e-19
"TRAM1",3.44066366196117e-23,3.12116561067291,0.744,0.371,6.02081734206585e-19
"SPTBN1",4.76902406975334e-20,2.78338333426879,0.719,0.313,8.34531521966138e-16
"PERP",9.95729793936499e-20,13.5244146470404,0.736,0.373,1.74242756640948e-15
"TPT1",4.48713736775942e-19,1.79366791166274,0.744,0.351,7.85204167984221e-15
"MAP1LC3B",7.401675500044e-19,3.92107341155086,0.727,0.387,1.2952191957527e-14
"POLD4",7.95092162748419e-19,3.0719840662294,0.711,0.307,1.39133177559346e-14
"HSPA5",3.19964841995709e-18,77.3939645934053,0.504,0.229,5.5990647700829e-14
"KRT19",1.35402201848862e-17,5.35517757908609,0.645,0.127,2.36940313015324e-13
"TES",2.43800309261382e-17,2.97822331553244,0.636,0.219,4.26626161176493e-13
"CDH1",1.46261606324682e-16,0.690101815642771,0.661,0.319,2.55943184907561e-12
"PABPC1",2.92470594581238e-16,1.9725684633447,0.727,0.381,5.11794293457708e-12
"UBC",5.08851403586323e-16,3.34126149106421,0.752,0.436,8.90439071135706e-12
"S100A11",7.84185705004069e-16,12.03287873311,0.62,0.274,1.37224656518662e-11
"S100A14",1.69450198175321e-15,3.39052634458984,0.587,0.084,2.96520901786995e-11
"CAST",5.31606797664392e-15,0.918428781230131,0.719,0.365,9.3025873523292e-11
"TMSB10",5.74061038282931e-15,9.79099317564923,0.554,0.243,1.0045494108913e-10
"CCND1",7.01017192754813e-15,19.2425674384891,0.579,0.136,1.22670998560165e-10
"KRT7",5.2803169971169e-14,11.8851997598565,0.537,0.132,9.24002671325486e-10
"YWHAZ",7.38882719362266e-14,2.72322502142749,0.653,0.346,1.29297087061203e-09
"C19orf33",2.60560875446281e-13,34.3403429120207,0.463,0.012,4.55955475943448e-09
"TUBB4B",1.1928105135313e-12,1.02095365968351,0.694,0.399,2.08729911762842e-08
"DSG2",2.01667396167786e-12,3.45350157599154,0.587,0.222,3.5289777655401e-08
"MYL12A",2.9083256397716e-12,7.8379965801508,0.612,0.326,5.08927903703633e-08
"SDC1",6.96301108333724e-12,30.6124456675103,0.471,0.054,1.21845730947318e-07
"IQGAP1",8.69051620887219e-12,0.924183236547851,0.661,0.356,1.52075343139055e-07
"S100A16",1.11604647554889e-11,17.6665846879825,0.595,0.178,1.952969727563e-07
"TMBIM6",1.8598436369536e-11,1.7664623500274,0.686,0.446,3.2545403803051e-07
"ERRFI1",2.09311464728074e-11,12.8708567200681,0.545,0.216,3.66274132127657e-07
"GFPT1",2.69795531169539e-11,5.42464085520831,0.645,0.368,4.72115199993577e-07
"EIF4G2",3.01758995356416e-11,2.05334873018737,0.636,0.412,5.28048065974193e-07
"PDIA4",3.22766797351983e-11,14.9238352459088,0.545,0.304,5.64809618686235e-07
"SLPI",4.19236507093361e-11,143.738999732656,0.479,0.043,7.33621963762672e-07
"DAZAP2",4.1934141126222e-11,1.38410303056661,0.669,0.377,7.33805535567758e-07
"TFF1",4.75164617553334e-11,222.967548720339,0.488,0.006,8.3149056425658e-07
"ELF3",4.7920236101264e-11,7.59551725678816,0.612,0.281,8.38556211536019e-07
"ZFAND2A",5.16439201296261e-11,21.0532537129741,0.471,0.182,9.03716958348328e-07
"DERL2",5.2412815523263e-11,7.99855809770274,0.537,0.217,9.17171858841578e-07
"KRT18",5.60032856556778e-11,4.94338923203127,0.537,0.207,9.80001495688706e-07
"ITGA3",6.14932587876635e-11,7.92852534665873,0.587,0.23,1.07607053552532e-06
"DSTN",6.27536410081145e-11,4.50223969165692,0.636,0.42,1.098125964001e-06
"CHMP4B",8.06975403774304e-11,0.475880552633763,0.678,0.418,1.41212625906466e-06
"CDV3",8.62881603846498e-11,3.304205770642,0.628,0.366,1.50995651857099e-06
"RPL39",1.10846957519935e-10,0.52085987129267,0.653,0.397,1.93971090964135e-06
"SMIM14",1.25240351071763e-10,7.4030197897704,0.612,0.325,2.19158090340478e-06
"ITGB1",1.79469387859547e-10,1.71197808582637,0.612,0.352,3.14053481815421e-06
"CAPN2",2.06046453164193e-10,3.71847819783836,0.603,0.31,3.60560688392021e-06
"KIAA1522",2.95045422704575e-10,1.84196371680709,0.587,0.209,5.16299985190735e-06
"TRIB3",2.96953987149742e-10,37.5476579156143,0.455,0.154,5.19639782113333e-06
"CEBPG",3.27539234806217e-10,2.9912820177781,0.479,0.191,5.73160906987399e-06
"RPLP1",4.31924841906437e-10,0.976855978549117,0.686,0.427,7.55825280852075e-06
"HN1",4.55911111861554e-10,4.51476095766542,0.612,0.284,7.97798854646534e-06
"SBDS",5.27299788672821e-10,4.69100463944136,0.612,0.398,9.2272190019857e-06
"ERO1A",5.39609870698843e-10,5.90412726223018,0.545,0.242,9.44263312735905e-06
"MANF",8.97280131282109e-10,12.6283813454282,0.57,0.347,1.57015050173056e-05
"SERP1",1.01817945675853e-09,8.35389419087412,0.636,0.386,1.78171223138176e-05
"ESRP1",1.12930649484581e-09,5.38566730459529,0.43,0.122,1.97617343533068e-05
"SERINC1",1.28764551516844e-09,2.60778085182247,0.661,0.395,2.25325088699326e-05
"GCNT3",2.02812633482276e-09,9.9678278530708,0.479,0.086,3.54901827330636e-05
"CTNND1",2.31798245198284e-09,6.5186767873932,0.636,0.363,4.05623749272477e-05
"TM9SF3",3.53023007818098e-09,2.7106711002947,0.653,0.393,6.1775496138089e-05
"HNRNPDL",4.06138169785765e-09,1.26322371744774,0.653,0.409,7.1070118330811e-05
"RAC1",7.02634598955013e-09,2.04653730885737,0.645,0.411,0.000122954028471138
"BZW1",7.2647665870283e-09,4.71929473907626,0.62,0.387,0.000127126150506408
"GPRC5A",1.14485574990737e-08,42.3014129909057,0.438,0.063,0.00020033830767629
"NDUFA4",2.0553762443769e-08,0.846772958889931,0.595,0.364,0.000359670289003514
"RPL28",2.31577904912589e-08,0.736945910824681,0.612,0.401,0.000405238175806539
"FNDC3B",2.45850149258411e-08,1.07771981892296,0.57,0.3,0.000430213176187293
"IBTK",3.02331697546824e-08,4.02761649618033,0.463,0.174,0.000529050237537187
"CIB1",3.62224941132438e-08,0.317249127587345,0.562,0.362,0.000633857424487653
"ANXA3",3.72333567145011e-08,7.64357173832856,0.413,0.06,0.000651546509147054
"CALR",4.05729449819211e-08,5.09120107570579,0.62,0.412,0.000709985964238637
"KLF5",4.93279750789072e-08,11.0079751067615,0.446,0.07,0.000863190235905796
"TIMM17A",5.02975385247887e-08,1.61897947345154,0.471,0.21,0.000880156626645277
"EIF4EBP2",5.07126662447541e-08,4.30142899396195,0.579,0.27,0.000887420946616953
"TUFT1",5.61291476570587e-08,2.93455715826735,0.421,0.121,0.000982203954850871
"HERPUD1",6.38946079095197e-08,1.15225130707497,0.471,0.29,0.00111809174380868
"RAB1A",7.73838794729332e-08,2.19314905135443,0.636,0.413,0.00135414050689686
"FAM102A",7.76943357391621e-08,3.30303035838474,0.628,0.377,0.0013595731810996
"PLEC",9.70549192886154e-08,6.42657598622505,0.496,0.195,0.00169836403263148
"F3",1.03138516039679e-07,18.6884781543587,0.488,0.148,0.00180482089217834
"WAC",1.14617228699942e-07,0.772538065023509,0.628,0.409,0.00200568688502028
"RIOK3",1.28607602366296e-07,8.12274343331309,0.446,0.185,0.00225050443380781
"BCL2L1",1.41653557188254e-07,5.53716191713052,0.57,0.372,0.00247879559723726
"ONECUT2",1.4168203310704e-07,15.4009120604714,0.438,0.084,0.0024792938973401
"EIF4B",1.54696600460239e-07,1.67194497987483,0.57,0.396,0.00270703581145372
"GARS",1.54789783388965e-07,3.75113459386464,0.545,0.331,0.00270866641952349
"STK24",1.59200983790124e-07,1.59896198959072,0.57,0.307,0.00278585801534338
"MSMO1",1.64820071486371e-07,4.01536888858553,0.545,0.252,0.00288418643094
"NPEPPS",1.73072313835148e-07,0.565458350059237,0.488,0.227,0.00302859241980126
"TSPAN3",1.89502472205337e-07,6.70751646386988,0.595,0.414,0.00331610376112119
"TMBIM1",1.89691533895284e-07,2.83918399291414,0.579,0.336,0.00331941215163358
"NACA",2.09758002507621e-07,1.08952079455659,0.612,0.415,0.00367055528588086
"RPS23",2.10238061695807e-07,1.60625603966402,0.628,0.426,0.00367895584161493
"ARCN1",2.30951637947717e-07,1.43655560780798,0.62,0.392,0.0040414227124471
"IPO7",2.41711604929986e-07,1.90075820270007,0.579,0.312,0.00422971137466982
"GIPC1",2.44113994234707e-07,4.4406737310708,0.496,0.232,0.00427175078511314
"TSPO",2.55970315915207e-07,3.42821437277149,0.545,0.257,0.0044792245582002
"VAPA",2.67827054680195e-07,5.04613874042582,0.603,0.393,0.00468670562984873
"GNG5",3.08507404989336e-07,2.83902314895795,0.612,0.402,0.00539857107990839
"C1orf43",3.51844417521601e-07,2.94855515634877,0.587,0.411,0.00615692546221049
"CHP1",3.74764991345164e-07,4.66754570956754,0.57,0.328,0.00655801258354903
"PDIA6",3.8388989737938e-07,8.53892746038218,0.545,0.385,0.00671768931424177
"FHL2",3.94876857202603e-07,5.90667244006831,0.388,0.073,0.00690995012418834
"RNF13",4.76025159844901e-07,4.56837035992446,0.479,0.226,0.00832996427212593
"LAPTM4A",5.41505854587229e-07,1.25349164140069,0.587,0.432,0.00947581094942191
"CAPZA1",5.7628700581258e-07,10.8925459286763,0.529,0.274,0.0100844463147143
"VIMP",6.65130740260202e-07,3.23944341527594,0.537,0.321,0.0116391228238133
"OCIAD2",7.32192824027055e-07,0.754725379813098,0.603,0.348,0.0128126422276494
"RPL7",7.42854536629202e-07,2.4229271172678,0.57,0.381,0.0129992115364744
"HNRNPC",7.50805880483672e-07,3.48296306295781,0.603,0.433,0.0131383521025838
"H3F3B",7.55099259416562e-07,2.69357667746452,0.62,0.42,0.0132134819405304
"RAB10",7.71850314951049e-07,5.17980594957598,0.562,0.381,0.0135066086613284
"PTGES3",1.03717961659453e-06,0.470268731647527,0.62,0.408,0.0181496061107877
"C1orf106",1.10569669492521e-06,8.15599962783793,0.388,0.08,0.0193485864644962
"ADAM9",1.26060525907768e-06,2.02983675525007,0.512,0.206,0.0220593314286003
"TMED2",1.29368568053555e-06,2.62731598882847,0.57,0.404,0.0226382057236916
"DNAJB9",1.43494974968363e-06,9.69418234394846,0.479,0.323,0.0251101856697138
"EIF2S2",1.56676325545586e-06,1.51917614619129,0.545,0.402,0.0274167902072222
"CLINT1",2.14837657290309e-06,1.51290059786064,0.512,0.238,0.0375944416492312
"CSDE1",2.27544204110724e-06,1.47739304196848,0.612,0.43,0.0398179602773356
"RHOC",2.41782322665462e-06,1.6745404068952,0.595,0.301,0.0423094886432293
"NCKAP1",2.52073087913809e-06,3.02910727799943,0.57,0.351,0.0441102696540375
"TFF2",2.89891705904518e-06,41.5003237231434,0.38,0.001,0.0507281496162315
"FAM3C",2.96956489123492e-06,0.430916809110741,0.562,0.353,0.0519644160317199
"EIF5",3.15475777188637e-06,3.32261734295626,0.529,0.333,0.0552051062502396
"MORF4L2",3.41499747433081e-06,1.06107609538433,0.587,0.411,0.0597590408033149
"SHC1",3.51209306907559e-06,14.3559454996367,0.529,0.275,0.0614581166157537
"CCNI",3.56146998709922e-06,1.32057652785079,0.628,0.416,0.0623221633042492
"RPL36AL",3.98505685083485e-06,1.35661141083232,0.612,0.427,0.0697345098327591
"APLP2",4.16744509548814e-06,1.59848290647351,0.595,0.394,0.072926121725947
"MISP",4.2031504468302e-06,7.25552634784204,0.388,0.083,0.0735509296690817
"SELK",4.73112144419534e-06,8.08338907098936,0.562,0.41,0.0827898941519743
"AFTPH",4.7946895525735e-06,1.17468631431786,0.479,0.267,0.0839022724804837
"VDAC1",4.95087318129833e-06,0.461804952275103,0.529,0.373,0.0866353297995395
"PPDPF",4.97934968304465e-06,2.39666096494213,0.545,0.391,0.0871336401035983
"SEL1L",5.15806861813896e-06,0.255947725441702,0.347,0.125,0.0902610427488137
"RHOA",5.4043561085197e-06,1.03857288274823,0.603,0.427,0.0945708275429862
"ACTR3",5.56188240221632e-06,0.486526725835065,0.612,0.348,0.0973273801563833
"DNAJB11",5.57019039228989e-06,1.65511671893982,0.446,0.247,0.0974727616746807
"C20orf24",5.59617023765692e-06,5.53260926694516,0.579,0.324,0.0979273829887585
"GNL3",5.68527090428651e-06,6.98344277760394,0.488,0.288,0.0994865555541097
"CNOT8",6.53354340482913e-06,2.21334949043883,0.372,0.112,0.114330476041105
"WASF2",6.53867505599307e-06,0.396609783725084,0.62,0.4,0.114420274804823
"SMAD3",6.58444025096562e-06,1.87894126518123,0.438,0.151,0.115221119951647
"TAX1BP1",6.9708593877663e-06,0.828189219404249,0.579,0.408,0.121983068426523
"GHITM",7.11471293627026e-06,2.27101974843046,0.529,0.411,0.124500361671793
"FAU",8.09995525892084e-06,1.92013423913007,0.628,0.437,0.141741117075856
"ISCU",8.36718513627363e-06,3.48462204131902,0.562,0.41,0.146417372699652
"YME1L1",8.96792856272352e-06,1.46164078530136,0.545,0.322,0.156929781919099
"MYOF",9.17060817764069e-06,1.67624425155529,0.372,0.083,0.160476472500534
"CNBP",9.1982264992426e-06,0.837072182210624,0.587,0.37,0.160959765510246
"RPS29",9.6717417916124e-06,2.00135336660598,0.57,0.424,0.169245809611425
"HNRNPA1",9.80357055725995e-06,0.350773789389654,0.562,0.396,0.171552681181492
"LPP",1.01233603094884e-05,1.77524052996777,0.537,0.28,0.177148682055738
"SPATS2L",1.01676145798729e-05,1.71522408950174,0.554,0.312,0.177923087533196
"DHRS3",1.10783039631784e-05,9.96520047421627,0.504,0.216,0.193859241051659
"XPOT",1.13484811695808e-05,2.24501195015642,0.364,0.143,0.198587071986495
"SUMO1",1.18372502599757e-05,6.17849362267986,0.521,0.351,0.207140042299315
"ARG2",1.48691617093077e-05,14.202370951775,0.38,0.184,0.260195460751175
"MXD1",1.59563430871483e-05,80.2257298286235,0.364,0.097,0.279220047682008
"CCT8",1.81918199204996e-05,1.9082333081274,0.57,0.379,0.318338656788822
"UCA1",1.85881417693446e-05,353.979614674928,0.355,0.024,0.325273892821761
"RHEB",1.92020821778675e-05,0.682859624602661,0.587,0.4,0.336017236030503
"RPS25",1.926277028386e-05,1.4523345212216,0.595,0.422,0.337079217197267
"RPS19",1.93879077738458e-05,0.585961907134855,0.512,0.37,0.339268998134527
"ERP44",2.09356435719218e-05,0.511771346828597,0.537,0.3,0.36635282686506
"RTCA",2.29060537958857e-05,13.5342636724697,0.339,0.112,0.400833035374205
"EIF4G1",2.29305932038933e-05,1.37167762833758,0.554,0.404,0.401262450474928
"DAZAP1",2.30536275530808e-05,0.98553971330215,0.496,0.296,0.403415428551361
"FERMT1",2.33150077631442e-05,7.4772734787251,0.306,0.022,0.407989320847261
"OSTC",2.34438706979237e-05,2.8574727703225,0.496,0.369,0.410244293342967
"RPS14",2.38286434418092e-05,2.49078396223574,0.554,0.395,0.41697743158822
"RABGGTB",2.65189835577813e-05,6.00035387729813,0.438,0.247,0.464055693277616
"HNRNPK",2.70375979491842e-05,0.380684536426317,0.612,0.415,0.473130926512775
"GOLM1",2.73819671059325e-05,17.7040981726727,0.496,0.231,0.479157042386713
"LRP10",2.76537016643079e-05,0.32719103687549,0.579,0.405,0.483912125423725
"ABHD2",2.77803226234263e-05,14.4196580087029,0.521,0.282,0.486127865587336
"EDEM1",2.93577884963161e-05,0.440980395684954,0.388,0.176,0.513731940897035
"UBE2H",2.95590571127356e-05,2.63982678354494,0.562,0.363,0.517253940415761
"CHCHD2",3.11715152311985e-05,1.91074581971947,0.562,0.437,0.545470345030743
"HMGN1",3.25919141437605e-05,2.09438500871761,0.554,0.412,0.570325905601665
"UBALD2",3.30940504111231e-05,2.81743040333584,0.521,0.302,0.579112788144243
"ATP2A2",3.51402184493644e-05,12.953102462316,0.562,0.333,0.614918682645427
"PRR13",3.5668071960991e-05,2.68458441507035,0.562,0.414,0.624155591245382
"MGST1",3.58986447307865e-05,4.27458774773251,0.479,0.14,0.628190384144033
"OST4",3.60638102904971e-05,1.26422757448362,0.57,0.429,0.631080616273409
"RPL21",3.64490468737623e-05,1.2824631017862,0.579,0.428,0.637821871243967
"HSP90B1",3.84684921968092e-05,10.5321937667207,0.479,0.32,0.673160144951964
"CDC42",3.88095159867559e-05,1.44514302506657,0.62,0.415,0.679127720252242
"TMED9",4.23982438005195e-05,4.81284985978839,0.537,0.403,0.74192686826529
"ALKBH5",4.34498556358618e-05,1.01300672144899,0.595,0.416,0.760329023771946
"MYDGF",4.59994447653313e-05,2.19058035262325,0.57,0.4,0.804944283948532
"RPS3A",4.61973829415773e-05,1.51778122090024,0.595,0.426,0.80840800409466
"DNAJB2",4.77419228648474e-05,0.263006776535173,0.587,0.383,0.835435908211965
"DERL1",5.02223460127446e-05,1.403685970669,0.463,0.254,0.878840832877019
"POLR1D",5.11770445699984e-05,2.61220203196723,0.529,0.351,0.895547102930402
"RTN3",5.21695263280891e-05,2.0443616376284,0.554,0.377,0.912914541215231
"COPS2",5.46513920117016e-05,0.870535816459446,0.413,0.194,0.956344708812767
"CYSTM1",5.51271418940951e-05,3.47384980661419,0.562,0.423,0.96466985600477
"CLDN7",5.7380026111486e-05,3.46518693787285,0.579,0.371,1
"VDAC2",6.55427756798702e-05,1.21890007134073,0.554,0.398,1
"VAMP8",6.5891530188017e-05,2.70011579139388,0.521,0.365,1
"EEF1A1",6.77884689407039e-05,1.56539735402581,0.537,0.334,1
"DNM2",6.95581588774421e-05,3.17911367384164,0.463,0.235,1
"INSIG2",7.37368607602563e-05,6.42730609648661,0.331,0.097,1
"MRPS18B",7.45012264676359e-05,3.07515593926856,0.512,0.301,1
"MYO1C",7.56706158255433e-05,0.841549503679488,0.554,0.347,1
"SEC24D",7.78988494252564e-05,7.20394713872553,0.479,0.324,1
"SLK",8.86376171923495e-05,1.47472439355675,0.471,0.24,1
"BTF3",8.94990985423743e-05,0.669005324151005,0.587,0.419,1
"DYNLT1",0.000100925935659956,2.87081447941702,0.529,0.382,1
"GUCD1",0.000103905587062463,1.08912103342027,0.446,0.204,1
"ARPC3",0.000105306203484044,1.57598297972842,0.612,0.444,1
"DHRS9",0.000107301840032433,40.7591894696324,0.298,0.013,1
"RAD23B",0.000114246638883097,0.54015526141342,0.545,0.398,1
"ANXA1",0.000116260909897389,9.81985584150256,0.331,0.054,1
"SLMO2",0.000119620437604043,2.95293725120317,0.512,0.302,1
"TMEM87A",0.00012237741435468,0.95148284913506,0.471,0.273,1
"BACE2",0.000127668134119031,5.63104715463259,0.479,0.241,1
"EFNA1",0.000128747950759468,0.996328196638707,0.438,0.187,1
"IRF2BP2",0.000139308899449359,5.00405786545297,0.545,0.372,1
"MORF4L1",0.000143399259999727,2.2252021835765,0.579,0.456,1
"RNF181",0.000147525447270112,2.69599915124486,0.496,0.322,1
"TOP1",0.00014819813549965,14.5514126248188,0.488,0.305,1
"RPS6",0.000149752977250226,0.890494236034135,0.545,0.386,1
"WEE1",0.000154142621040938,3.12205583289163,0.347,0.116,1
"TMED7",0.000156533839287808,2.59202541896432,0.521,0.374,1
"CPEB4",0.000156859942293254,2.66077581131302,0.455,0.261,1
"CAPNS1",0.000158806528205914,3.01458150495035,0.537,0.429,1
"TAX1BP3",0.000161493198512341,8.47406968858788,0.488,0.261,1
"PPP1R15B",0.000167714066407745,7.53688491238086,0.397,0.175,1
"XRCC5",0.00016889751272662,1.02299983985163,0.603,0.413,1
"ARFGAP3",0.000169988150775086,1.49085273088063,0.504,0.322,1
"RPS13",0.000171148713623132,1.07422150144457,0.587,0.405,1
"ILF2",0.000183711466424271,0.846246194769021,0.545,0.381,1
"MAGT1",0.000199784458136217,11.2905080475341,0.421,0.226,1
"PBX3",0.000202435290487641,1.30488142451735,0.05,0.132,1
"AIDA",0.000204519875097756,7.41726582041408,0.405,0.236,1
"EPRS",0.000208917499633671,4.693551085409,0.479,0.328,1
"LASP1",0.00021109550840681,9.01906933488376,0.521,0.3,1
"RPS20",0.000217567868174754,0.69983095835239,0.603,0.426,1
"EIF5A",0.000223054617596643,1.61996617956848,0.529,0.404,1
"MPG",0.0002275603744234,0.928403182314849,0.157,0.239,1
"CMAS",0.000231259965935322,1.69490613513776,0.438,0.255,1
"MTHFD2",0.000236349121331057,3.73829787015085,0.397,0.16,1
"DDAH1",0.000252819669402703,2.94006988216054,0.397,0.138,1
"RHOF",0.000255019257658622,9.85960125017368,0.281,0.036,1
"RELA",0.000259734450749502,1.21523631147915,0.438,0.24,1
"FAM195B",0.000284561385231201,0.339041831924848,0.157,0.246,1
"SFN",0.000300485692414725,63.1214596374727,0.281,0.047,1
"FLII",0.00030328813955098,1.0590143126688,0.455,0.249,1
"VASP",0.000303656413757047,3.44826181069191,0.463,0.247,1
"DYNC1I2",0.000329728137675575,0.630385608277077,0.521,0.331,1
"PLS1",0.000334916776703254,7.67845064685717,0.405,0.154,1
"SRP72",0.000352511794507094,1.72774397881077,0.512,0.36,1
"EPCAM",0.00036361333299207,1.01842944521104,0.562,0.398,1
"EIF3D",0.000367092397969787,1.12936764225133,0.587,0.395,1
"RPS12",0.000378462434769602,0.477752661469471,0.496,0.36,1
"APH1A",0.000392469110863355,0.470101810237857,0.545,0.38,1
"PJA2",0.000395427847325493,11.6940085941825,0.496,0.361,1
"HYOU1",0.000405962561937418,2.30962889296952,0.496,0.376,1
"LRRC59",0.000427434952404223,1.5631180530312,0.463,0.27,1
"ERH",0.00042910917913119,0.98365406395542,0.57,0.438,1
"PLXNB2",0.000460726858429729,1.3883698120055,0.529,0.378,1
"PAPOLA",0.000460886896943557,0.794301136101717,0.554,0.392,1
"SNHG8",0.000461687964249955,5.48579202743808,0.479,0.386,1
"SGSM3",0.000472449620493372,2.64131454444093,0.24,0.296,1
"STRA13",0.00048044094072236,3.28901682056732,0.397,0.206,1
"NARS",0.000481140335068792,1.46137674702496,0.463,0.277,1
"KCMF1",0.000493448853946419,1.50178820509776,0.471,0.288,1
"TSPAN8",0.000497868698030292,41.4869868793112,0.355,0.058,1
"FAM134A",0.000499143296491462,1.15749395681859,0.248,0.338,1
"SRPR",0.000500109853579893,4.65497400594957,0.57,0.406,1
"UBL5",0.000503158899278288,0.334302772561268,0.587,0.45,1
"UFM1",0.000509625313765811,1.77106938311237,0.488,0.343,1
"ARPP19",0.000526911343479588,5.74412166031357,0.529,0.412,1
"EIF4A2",0.00053701174907719,2.92739963290117,0.529,0.394,1
"SDF2L1",0.000544555444006277,0.739502064797973,0.488,0.371,1
"H2AFJ",0.000595945406965315,23.9293166823306,0.322,0.407,1
"GNA13",0.000618251109941355,4.83110227768995,0.306,0.091,1
"TMEM54",0.00071633999424754,16.6915886807936,0.488,0.283,1
"RNF7",0.000771927040022542,0.687699749680065,0.521,0.376,1
"HDGF",0.000800127710574461,2.81841624074029,0.562,0.384,1
"TIPARP",0.000822670380401274,3.56322877551159,0.388,0.15,1
"EIF4H",0.000850091806859032,0.417734722734771,0.537,0.428,1
"FICD",0.000858790286533055,4.96851422368144,0.331,0.125,1
"SARS",0.000867859882101936,3.29126921702933,0.537,0.389,1
"CFL1",0.000871674707646117,2.08509765821078,0.562,0.417,1
"DNAJC3",0.000878650352228709,4.44961877280413,0.463,0.333,1
"WBP2",0.000888208675848844,1.09498350647701,0.504,0.34,1
"ADGRF1",0.000911168907429772,104.32111208174,0.314,0.01,1
"VCP",0.000933135053425806,0.549335644781066,0.537,0.425,1
"GSTP1",0.000956852804446521,5.03961571949594,0.554,0.332,1
"COX5A",0.000958622306601941,1.95971585305731,0.306,0.407,1
"SRP19",0.000992759063664553,0.866407563239018,0.455,0.261,1
"CSNK2A1",0.00102464960104941,2.42353215049217,0.512,0.314,1
"SYF2",0.00103004466728707,4.617719467437,0.43,0.251,1
"TST",0.00103641741740204,7.25084888337254,0.372,0.114,1
"PCBP1",0.00104200671499047,0.93163812279431,0.554,0.42,1
"RPS21",0.00106415517107037,1.74204466942948,0.587,0.43,1
"NUS1",0.00107373968153198,3.44611253506754,0.355,0.177,1
"SGMS2",0.00107416127011693,0.922854224363789,0.364,0.175,1
"NDEL1",0.00111048859247334,2.08070798154747,0.331,0.156,1
"TSTD1",0.00111651904465246,0.314805243446241,0.298,0.39,1
"HIST1H1C",0.00112786151263541,73.5712137428251,0.132,0.168,1
"SPCS2",0.00117751482872925,4.11360271460835,0.504,0.406,1
"ATIC",0.00118149921529733,1.18206489420134,0.083,0.125,1
"PNPLA2",0.00119896207121235,0.839943902208321,0.471,0.274,1
"CRAT",0.00119989585035098,4.50315028385854,0.091,0.148,1
"STAU1",0.00122727196262379,2.57703429332786,0.512,0.336,1
"RBCK1",0.0012328478058995,9.4012458868784,0.43,0.268,1
"MLST8",0.00130783217737549,0.80837877721566,0.124,0.175,1
"SETX",0.00131942760945135,353.238550367263,0.314,0.139,1
"AREG",0.00135234924483609,1.63229267858007,0.281,0.031,1
"NEDD4L",0.00136737920243753,6.50312922618954,0.405,0.2,1
"DEK",0.00141339813459196,1.14664941643733,0.496,0.317,1
"WDR45B",0.00143914740817081,3.56556661275801,0.537,0.403,1
"RPL27A",0.00143942376831147,1.45145946409038,0.595,0.424,1
"WSB1",0.00145134820374476,12.0321335430777,0.504,0.374,1
"CAPN1",0.00148995006813653,1.0972868534142,0.545,0.367,1
"ITGA2",0.00152871695438981,5.00332816105782,0.38,0.159,1
"HNRNPH1",0.00153437227401713,7.53712941147049,0.463,0.262,1
"TMEM50B",0.00158292383468397,5.5266449698398,0.331,0.152,1
"UBA1",0.00170355306826855,0.874423300018956,0.545,0.412,1
"PTTG1IP",0.00175955005234902,0.611077190306698,0.554,0.385,1
"HM13",0.00177556992902775,1.25704517122274,0.512,0.395,1
"PDXK",0.00181426983413004,1.10220011847561,0.496,0.353,1
"RTN4",0.00182260585074073,0.403981291822364,0.545,0.424,1
"ATG13",0.00187712295612198,1.61554126305227,0.364,0.223,1
"TOMM20",0.00189270161549633,0.930759917013968,0.562,0.401,1
"RNF4",0.00192746515314951,2.20180699641556,0.347,0.163,1
"CMPK1",0.00196919350021673,3.02865735017693,0.521,0.301,1
"MRPL16",0.00197485216292661,0.590976266291302,0.074,0.116,1
"HNRNPUL2",0.00198275028747021,0.846179846448721,0.413,0.239,1
"PPM1G",0.00200599375722729,1.0244398405172,0.529,0.334,1
"ADAM17",0.00201538581164288,0.698322836156523,0.289,0.107,1
"GOT1",0.00208123565591051,6.11182831218135,0.298,0.115,1
"SHROOM3",0.00211587939773157,4.94235521979494,0.347,0.112,1
"TAF1D",0.00220808801722436,3.03999590438158,0.479,0.29,1
"ATL3",0.00225340436599478,4.91131727266183,0.405,0.208,1
"TWF2",0.00226846506201074,2.31463126699427,0.413,0.209,1
"TMOD3",0.00231363226940521,2.87289147323057,0.355,0.17,1
"TNKS2",0.00239892772866416,2.84235307275199,0.331,0.169,1
"PIH1D1",0.00243315850963961,0.768593663960735,0.372,0.201,1
"SCAMP2",0.00245833392022967,2.15815401640312,0.545,0.381,1
"COX7B",0.00253266511148552,0.795653126956806,0.554,0.419,1
"EIF3H",0.0025916123089072,1.10047959782761,0.521,0.402,1
"MACF1",0.00261143221632056,7.75174696534038,0.504,0.303,1
"EPB41L1",0.0026222722677161,13.903970951968,0.372,0.162,1
"PCNP",0.00267156430362215,0.922993349016292,0.488,0.355,1
"GDI2",0.00273561441609385,0.899330453522264,0.554,0.412,1
"RPL15",0.0027499259447017,2.00955988006636,0.554,0.43,1
"ATP5F1",0.00276933765664425,1.26532440556654,0.521,0.403,1
"RPL24",0.00277404226437207,1.43410057804014,0.545,0.42,1
"PGM3",0.00278650985205282,6.03590118671069,0.355,0.171,1
"ABCC3",0.00287783667409921,0.861909197980964,0.347,0.095,1
"RPS18",0.0029903841588175,1.13077481504988,0.496,0.379,1
"ALDH1A3",0.00300337447049191,73.0659545903035,0.289,0.066,1
"FGF19",0.00303169836018585,245.391915359109,0.306,0.008,1
"EBAG9",0.00314820219773535,1.00372506700747,0.339,0.144,1
"ST14",0.00319800284115112,0.299529929938814,0.512,0.341,1
"RAB39B",0.00340486997734918,8.3315444387165,0.248,0.066,1
"H1F0",0.00341705153299324,1.32007277328737,0.521,0.349,1
"PREB",0.00343437576216887,5.30737998002592,0.405,0.235,1
"SERPINB1",0.00344010030321064,1.94154658414945,0.38,0.253,1
"PVRL1",0.00351510250666561,3.63902586999579,0.124,0.192,1
"SMPDL3A",0.00358457434669613,2.88183956513588,0.281,0.095,1
"STX5",0.0036449286411985,5.14834596345335,0.364,0.187,1
"HNRNPF",0.00372200031370166,7.16597005432884,0.521,0.392,1
"CDKN2B",0.00372265917711967,22.1444302045059,0.273,0.062,1
"LPIN1",0.00381243904027441,19.1077587387601,0.19,0.217,1
"IST1",0.00391429386350282,2.79908993852952,0.512,0.349,1
"RPL13",0.00395219409162014,1.61893924241685,0.57,0.391,1
"SUCO",0.00398083666568035,25.2447014667182,0.355,0.206,1
"PLAT",0.00411003275244643,228.967921133627,0.314,0.041,1
"ZFAND1",0.0043355213439327,1.66617291424012,0.281,0.104,1
"RPL13AP17",0.00444453996156447,0.593843321809904,0.347,0.415,1
"ANXA11",0.00445798441976153,0.906070455011655,0.537,0.398,1
"NT5C3B",0.00454574804991495,3.73738554719847,0.182,0.242,1
"NCLN",0.0047358227675675,0.388068298790324,0.14,0.172,1
"BTBD1",0.00475061106723078,1.78678073953412,0.083,0.113,1
"HIPK1",0.00477259675602181,0.37103878976672,0.331,0.143,1
"STK17A",0.00483771285518119,25.0046414703081,0.289,0.091,1
"ARHGEF18",0.00490476097516483,1.13126273296856,0.306,0.115,1
"TFRC",0.00507185324960634,4.05852416779081,0.347,0.166,1
"CRELD2",0.00507418161022002,8.62713674113902,0.364,0.233,1
"YWHAG",0.00512271102758269,0.729499961605281,0.496,0.37,1
"RPS24",0.00521655168224811,2.04514779221205,0.521,0.424,1
"PARVA",0.00531922708951427,2.29150518884951,0.165,0.181,1
"ST13",0.00533534912640081,4.03677358652746,0.529,0.419,1
"SRP54",0.00534968186511054,0.413709691759903,0.405,0.256,1
"BET1L",0.00551028485443177,0.650300815141637,0.455,0.282,1
"PAK1",0.00557554479494513,0.509795412093155,0.339,0.147,1
"SERBP1",0.00576703058680929,0.794655240146495,0.521,0.402,1
"CNOT1",0.0058182062242858,0.27490545679696,0.413,0.243,1
"LMAN2",0.00583403527057156,0.625966672390199,0.562,0.415,1
"ABHD8",0.00591409578327785,0.584192056115363,0.066,0.101,1
"EIF4EBP1",0.00592044997013992,1.34203381662294,0.43,0.296,1
"GPS1",0.00595903845286298,1.32567909945642,0.149,0.188,1
"C6orf136",0.00601208624001005,10.2219995721379,0.107,0.159,1
"LDLR",0.00605121275867992,1.43375023834338,0.446,0.263,1
"COPA",0.00630568255822437,3.10808688182886,0.512,0.394,1
"RPL37",0.006366856651091,0.887382107941444,0.57,0.414,1
"RAB3GAP1",0.00639082942846481,0.88331070641998,0.438,0.286,1
"C16orf62",0.00639369694291297,0.774181770138615,0.074,0.121,1
"C1orf116",0.00650900326001627,7.09130765063379,0.281,0.07,1
"TRIM27",0.00655579413573751,4.70361397631564,0.38,0.217,1
"PSMD7",0.00656460143944816,2.67325774532257,0.488,0.372,1
"EDF1",0.00705352130648946,0.927479516678265,0.479,0.4,1
"UBE2D2",0.00733900467909564,0.27750442293767,0.504,0.398,1
"NOP10",0.00736461372933086,0.362232673975142,0.537,0.414,1
"GCC1",0.00774356663983462,8.12085876960915,0.248,0.074,1
"SEC61G",0.00797049507768309,1.41848464317407,0.488,0.396,1
"DDX17",0.00808529163374806,0.576473164676182,0.537,0.414,1
"YWHAB",0.00823885464585642,1.136291027704,0.488,0.411,1
"PPP2CB",0.0083475316611169,0.882591349030778,0.504,0.391,1
"NAP1L4",0.00847270917734737,1.60021451632942,0.455,0.289,1
"PLCD3",0.00854685041168718,19.197097217194,0.248,0.021,1
"ELOVL1",0.00863987461251941,5.00035617369541,0.471,0.305,1
"TJP1",0.00872858584298621,2.09099788417647,0.397,0.196,1
"RPL34",0.00919489174790049,0.995162628485751,0.521,0.421,1
"PAFAH1B1",0.00935906243245354,5.49656719013526,0.471,0.336,1
"CYB5A",0.00967394651424042,1.46412489488586,0.281,0.325,1
"MVP",0.00977679009953391,3.24340183503024,0.463,0.274,1
"ABI2",0.00995391574942073,1.38193764194539,0.207,0.281,1
"TSPYL2",0.0101192820039692,10.0473314888389,0.372,0.289,1
"COX7A2L",0.0102050588790058,1.94470395558318,0.554,0.422,1
"TBC1D15",0.0102531119902302,5.32597145478002,0.306,0.128,1
"RPS11",0.01038519611533,1.17131913375695,0.562,0.448,1
"S100A2",0.0104612681065082,354.074155208336,0.248,0.026,1
"MED15",0.0106013686573626,0.503368562752172,0.372,0.204,1
"DNAJC10",0.0106522117176615,4.42886960047332,0.355,0.21,1
"FEM1B",0.0107089581193635,2.31323211002339,0.331,0.187,1
"DVL2",0.0107940085939089,0.732422558192576,0.091,0.122,1
"MAP3K2",0.0111255284125984,4.42621619555194,0.43,0.269,1
"SNHG12",0.0112854144162485,6.08914862911606,0.264,0.1,1
"NCL",0.0113152470522949,1.31033315765568,0.488,0.386,1
"GRIPAP1",0.0115942185861501,1.91945381641586,0.066,0.1,1
"LSM10",0.0116774952659493,1.5132938900482,0.347,0.176,1
"PRKCZ",0.0117144027323128,0.59967352834958,0.248,0.072,1
"ASS1",0.0117150190002954,61.4589667366847,0.364,0.142,1
"JUND",0.0118699270237864,3.39020679964886,0.289,0.408,1
"COASY",0.0118767831704676,2.14336539060608,0.364,0.214,1
"ITGA6",0.0118898838381939,2.38641761498278,0.322,0.098,1
"CHTOP",0.0123449534329917,4.1350186298641,0.446,0.284,1
"ARPC5",0.0127024332718308,4.33072635359528,0.521,0.392,1
"RFWD2",0.0130595451193633,0.27941012174329,0.091,0.111,1
"NANS",0.013279564518926,0.478965252755482,0.372,0.235,1
"LYPLA2",0.0134840046283813,2.05654490983556,0.479,0.339,1
"UNC93B1",0.0136693126597684,10.534276234498,0.298,0.083,1
"DRAM2",0.0137337078785076,3.26640063615246,0.355,0.172,1
"NFE2L1",0.0138218866929358,1.17269867772743,0.43,0.356,1
"RPL41",0.014058271312303,0.840936922714198,0.521,0.411,1
"INA",0.0143593150301414,1.06842187030876,0.174,0.251,1
"F11R",0.0143814560780182,1.97281590756548,0.43,0.237,1
"YIPF5",0.0144273100474564,4.07839734606688,0.372,0.231,1
"TRA2B",0.0144436123015283,0.430712131884139,0.455,0.351,1
"TRAPPC4",0.0146135162556171,3.19947968824274,0.421,0.288,1
"MLH1",0.0147043976271413,6.50357087245363,0.273,0.113,1
"PKP3",0.0147119312300893,3.71648305754838,0.364,0.211,1
"RPL26",0.0147239930089908,0.797714286960814,0.504,0.413,1
"EDEM3",0.0149716212189973,6.7307904644645,0.347,0.226,1
"CLTB",0.0151083733203095,10.3992044480403,0.479,0.349,1
"SNRPA",0.0152097173423147,0.838823431632251,0.207,0.227,1
"G6PD",0.0153171242621252,0.890014354443005,0.215,0.246,1
"STRAP",0.0153992942281284,0.630133318253594,0.471,0.394,1
"RPL19",0.0162080719775689,1.16518946465387,0.512,0.433,1
"ZNF827",0.0162088902486564,4.70603355426256,0.083,0.119,1
"FOXA2",0.0164326101839073,7.58452619535125,0.298,0.35,1
"PKN2",0.0164475643488416,1.26535177258821,0.298,0.15,1
"PSMD10",0.0166212489260794,0.517037175694689,0.322,0.174,1
"CMTM4",0.0168363755078054,2.07482990864324,0.165,0.203,1
"PET100",0.0173287150888572,2.82714840837701,0.314,0.348,1
"RALY",0.0175298617520991,2.06602077877924,0.471,0.337,1
"MAPK3",0.0176047147545767,2.17935546102561,0.405,0.265,1
"GMPR2",0.0176568356158887,2.42086690380396,0.124,0.146,1
"DCTPP1",0.0177579283137866,0.877644041860489,0.132,0.143,1
"MPRIP",0.0181311431054944,3.35320735716774,0.38,0.199,1
"TMX2",0.0183770340760256,1.02467525031742,0.446,0.299,1
"TK2",0.0184522867484144,6.76046048426616,0.132,0.162,1
"FAM120A",0.0186648056626006,0.999590730236612,0.504,0.369,1
"UBE2I",0.0186833863904018,1.0400020496833,0.512,0.401,1
"ARPC1A",0.0186880340817428,0.347034458138996,0.504,0.395,1
"RPS27",0.0188682101723079,0.532356027491687,0.529,0.442,1
"APEH",0.018914193146352,0.546027404912222,0.174,0.206,1
"RPS15A",0.0189151346716748,0.909807083911398,0.488,0.429,1
"ZDHHC3",0.0193880988866445,1.05180054154016,0.339,0.154,1
"SIVA1",0.0196585373588179,1.8507991884421,0.463,0.341,1
"SPR",0.0197832585520015,0.989015486418464,0.19,0.195,1
"CEACAM1",0.0204927337253309,22.9743458051648,0.314,0.06,1
"EML2",0.0206210473395141,1.56718181187816,0.124,0.145,1
"ACP2",0.0209033443162396,2.29226172521481,0.157,0.19,1
"PPP3CC",0.0212731748040028,1.57309584577943,0.107,0.107,1
"CDK10",0.0217376333078243,3.01846273065321,0.099,0.116,1
"SEC23B",0.0217408167574528,1.119665763626,0.438,0.307,1
"UQCRFS1",0.022217379199105,1.18002276222086,0.479,0.363,1
"RXRB",0.0225503299226338,1.18816892805679,0.355,0.209,1
"FAM127C",0.0226007540417574,0.445157939803559,0.091,0.121,1
"SUOX",0.0226029486022786,1.3455942846935,0.083,0.106,1
"EIF3A",0.0226919869846923,2.70755498240927,0.512,0.358,1
"FAM83H",0.0232011847031641,2.05398925959084,0.314,0.125,1
"GRPEL1",0.0232832558270572,0.908434017865712,0.372,0.206,1
"PIK3IP1",0.0234028747744629,9.58908336509573,0.281,0.081,1
"EIF1AY",0.0234051374245506,2.34059456910714,0.314,0.169,1
"CARHSP1",0.023513942164791,2.66000613833901,0.463,0.308,1
"AMZ2",0.0238418413335489,2.97962118975662,0.322,0.19,1
"PAIP2",0.0244730862236274,0.450934837070399,0.471,0.351,1
"WHSC1L1",0.0248613645223946,0.828016482710251,0.397,0.258,1
"TMC6",0.0253808874959119,4.55307425756227,0.215,0.036,1
"CDKN1B",0.0254282488792094,0.939477536613415,0.289,0.158,1
"SPNS2",0.0256331380208013,19.762551725558,0.231,0.04,1
"UBE2Z",0.0259184295551385,1.82847722141956,0.248,0.265,1
"RAB25",0.0262976621237737,1.82623856890899,0.479,0.312,1
"SRSF3",0.0263627952859622,0.250771783588807,0.479,0.405,1
"SMAD2",0.026426808481763,1.84548068721085,0.339,0.182,1
"LAMTOR2",0.027119320030555,0.344695306186524,0.537,0.378,1
"GLRX3",0.027121888665999,0.9509110333875,0.355,0.204,1
"INF2",0.0273708734810019,1.36515744550583,0.273,0.079,1
"ARL8B",0.0273851248310258,0.749773496346788,0.38,0.242,1
"AP2A1",0.0273980850415515,0.350894617821509,0.223,0.256,1
"B3GNT3",0.0279129439236248,4.00718433007523,0.256,0.049,1
"SETD7",0.0280462622758368,1.08066570156048,0.306,0.155,1
"COQ10B",0.028176144725263,0.464640621384226,0.355,0.216,1
"MPC1",0.0283853010187402,1.44478026705973,0.372,0.228,1
"RFK",0.0287656953234439,0.795787083834568,0.397,0.277,1
"SEC63",0.0292957275712202,2.7327013633638,0.455,0.364,1
"CCT4",0.0292984744249454,0.729983078584612,0.463,0.374,1
"NR1D2",0.0299585125814607,0.544000783598678,0.281,0.104,1
"LAMA3",0.0301846347453511,5.52389966147161,0.207,0.024,1
"PTPRK",0.0304817812445882,2.39669328860367,0.314,0.121,1
"DDX5",0.030688419832139,5.79441832214023,0.554,0.426,1
"YTHDF3",0.0309293325113928,0.976639160849581,0.306,0.155,1
"LIMA1",0.0310879528490226,4.39812140715116,0.364,0.192,1
"EPS8",0.0319566174474006,0.604990994415147,0.281,0.058,1
"CHD6",0.0320410585019688,1.66516189442827,0.099,0.111,1
"B4GALT5",0.0324916434626558,1.1488649004139,0.364,0.19,1
"EPHA2",0.0325998640772158,27.5513210714961,0.248,0.051,1
"ATP13A2",0.0326375144643835,0.319082251660913,0.331,0.177,1
"SRP14",0.0330008479417752,0.500131200429831,0.488,0.434,1
"TMEM258",0.0331227249044354,1.88829814474529,0.488,0.41,1
"KIAA0368",0.0333522804907537,1.84612898997682,0.355,0.217,1
"YRDC",0.0336079101228047,0.783528888575806,0.314,0.19,1
"PDCD6",0.0336218190663759,1.38796363715144,0.488,0.389,1
"VILL",0.0336264526101378,1.52315196652047,0.223,0.012,1
"CGGBP1",0.0339446027180256,3.74399964403982,0.347,0.214,1
"APPL2",0.0343077536444554,3.72396699654776,0.298,0.149,1
"HGS",0.0347631773780828,3.02567707484067,0.405,0.252,1
"RPL17",0.0349161307681064,0.270488730616945,0.521,0.419,1
"KLHDC10",0.0350568370355936,3.43892751266495,0.38,0.257,1
"EPS8L3",0.0351450237223086,18.6883767365427,0.223,0.006,1
"NUDT2",0.03530101986318,7.20309171692839,0.347,0.192,1
"TMEM14C",0.0356245247778512,0.351758605791531,0.479,0.336,1
"REEP3",0.0358704421007116,1.26478037752496,0.397,0.264,1
"SF3B5",0.0362329726573788,0.58178927224873,0.471,0.417,1
"BAG1",0.036733419500594,0.866150175713957,0.471,0.404,1
"PKIB",0.0378356698433347,7.84361847606168,0.314,0.171,1
"DAPK1",0.0380034957079111,1.547087003937,0.306,0.125,1
"TUBA4A",0.0390641842968797,4.83060103557483,0.471,0.368,1
"SC5D",0.0399579441252263,6.1128704465018,0.314,0.171,1
"PPP2R2A",0.0400816443335801,1.69176474716959,0.38,0.2,1
"RAP1B",0.0404583147100706,6.40161848763889,0.455,0.327,1
"RPLP2",0.0408598739718369,1.77758533963623,0.471,0.431,1
"SCCPDH",0.0416657018333198,1.29600334823231,0.198,0.21,1
"PRADC1",0.0416768325705267,1.76373116014937,0.099,0.12,1
"PROSER2",0.0426776725307939,4.46333993174554,0.231,0.04,1
"RPL32",0.0430615347027924,0.850722061153682,0.512,0.414,1
"SLC7A1",0.0436273547503935,5.00302948846352,0.38,0.255,1
"NOP58",0.043801222564586,1.84303962924962,0.273,0.138,1
"RPL13A",0.0449358089541977,0.879458753875308,0.479,0.393,1
"APRT",0.0449813046810966,0.914387147499301,0.314,0.356,1
"RPL11",0.0458250305977158,0.742427966089367,0.554,0.432,1
"EPS8L1",0.0459659258638118,3.21555369360388,0.215,0.018,1
"HAX1",0.0459780243967917,3.47373787511738,0.496,0.406,1
"ADIPOR1",0.0466555065406354,1.15456747469092,0.471,0.375,1
"CHMP2B",0.047513118924386,1.45217870164664,0.405,0.24,1
"AHCYL1",0.0479917912100374,0.432585205379155,0.479,0.418,1
"YIPF3",0.0483566010609097,1.72992139172965,0.479,0.413,1
"SPIRE1",0.0488254250865257,1.57330158056321,0.248,0.12,1
"HSPA13",0.0502005742609737,0.28074975886941,0.314,0.191,1
"RPL31",0.0503853449370018,0.801318480920268,0.496,0.444,1
"LLGL2",0.0508026037776124,0.788025446666574,0.455,0.311,1
"UGP2",0.0509628418940886,0.82859202902467,0.347,0.188,1
"MED6",0.0509826258785753,2.06055236498763,0.124,0.114,1
"RPL27",0.0510618344946931,0.468939405547988,0.463,0.414,1
"DDRGK1",0.0511587758526231,1.29308780240677,0.281,0.293,1
"GTPBP6",0.0512227541193996,0.278533119555103,0.165,0.171,1
"FOXA3",0.0515614101009986,1.73627472223467,0.124,0.115,1
"PAIP1",0.0516013763598503,9.64201744263257,0.388,0.248,1
"NUPL1",0.0525074606339873,2.20793529760088,0.248,0.127,1
"PITRM1",0.053493152541269,1.78598429408367,0.331,0.205,1
"MPHOSPH8",0.0545686782472902,4.70266338544878,0.273,0.316,1
"STARD10",0.0549772093544408,0.285946272615475,0.496,0.389,1
"MTIF3",0.0552658691541462,1.37840932903916,0.364,0.205,1
"CNOT7",0.0560204058735444,0.652321055879712,0.488,0.379,1
"TRIP6",0.0562945089345349,9.4725378157985,0.298,0.11,1
"UBL3",0.056308842840925,0.541459971802059,0.397,0.272,1
"TIMM50",0.0572251512069476,2.26651935975645,0.149,0.16,1
"MTMR2",0.058789780305092,1.19657929689542,0.107,0.119,1
"TPCN1",0.0596792743611427,1.3271612702842,0.124,0.117,1
"NSRP1",0.0598650424599055,2.95280112663053,0.19,0.199,1
"VPS35",0.0606281526000628,0.540171802738663,0.43,0.298,1
"RPS8",0.0617182846551577,1.40683845305486,0.479,0.396,1
"SLC25A1",0.0618085628349375,1.22589627354954,0.347,0.342,1
"RUVBL1",0.0619816897947451,1.01997265370963,0.132,0.155,1
"CISD2",0.0633022029994404,2.97563223620882,0.38,0.243,1
"RAB21",0.0638755905822928,0.373963268641642,0.43,0.308,1
"ATP13A3",0.0639764392027013,0.384254777611629,0.413,0.296,1
"NR3C1",0.0651402871946581,0.9244788562427,0.438,0.319,1
"DOK4",0.0655212588475807,3.03474736583844,0.314,0.128,1
"MSLN",0.0659203971744446,75.517130075871,0.24,0,1
"URI1",0.0662203848080778,8.79167018146145,0.339,0.207,1
"PQBP1",0.0665516670513796,0.29037275295894,0.24,0.25,1
"LMAN1",0.0668788051985199,5.29732229396463,0.438,0.376,1
"UAP1",0.0679295221258975,1.80224116471964,0.248,0.117,1
"C17orf59",0.0681026929748349,0.743107921584307,0.198,0.076,1
"AZI2",0.0681558351131469,3.47938836541858,0.289,0.165,1
"CYP4V2",0.0697545832695197,2.65214262282948,0.116,0.115,1
"ZBTB17",0.0698059277143928,1.46205723439777,0.099,0.1,1
"TMPRSS4",0.0700745627211555,233.40796458636,0.207,0.001,1
"POLR2D",0.0719320590813737,8.86493534628534,0.124,0.106,1
"TEN1",0.0720432562957783,0.55941910359354,0.116,0.1,1
"CUL3",0.0725512801997947,0.347226763343675,0.322,0.178,1
"ACOT9",0.0726691568797506,2.85559780145427,0.107,0.08,1
"AUP1",0.0729941345905851,1.58528731840194,0.512,0.379,1
"TMEM106B",0.0736804491112289,0.652251124568559,0.347,0.225,1
"OTUD7B",0.073898429084137,13.4125217292829,0.231,0.096,1
"RBFOX2",0.0741289281727852,6.17573773426793,0.364,0.233,1
"PLLP",0.075105256019001,1.48607853683848,0.215,0.042,1
"KIF21A",0.0753145311330558,0.647763485300399,0.339,0.215,1
"RPL18",0.0754421520960814,1.03511615463142,0.479,0.41,1
"ESRRA",0.0757985803835143,1.88477878812437,0.38,0.239,1
"TM7SF3",0.0771172752351835,1.08410948355355,0.182,0.188,1
"HNRNPH3",0.0781474601411074,7.92554823145342,0.488,0.394,1
"ZNHIT3",0.0808861602116822,1.02026583599343,0.314,0.179,1
"EPS8L2",0.0809634233644606,1.65431109646819,0.331,0.199,1
"TSPYL1",0.0814120851378582,1.99802775521438,0.413,0.294,1
"OTUD5",0.0815221354995394,0.641339964124927,0.24,0.247,1
"UGGT1",0.0817036574968841,6.19581647188268,0.281,0.147,1
"PPP4R1",0.0833257901166286,1.05649673375938,0.298,0.151,1
"TMEM248",0.083408239851226,0.678241720961012,0.446,0.373,1
"GID8",0.0835369863475433,1.04571155135764,0.405,0.262,1
"SEPHS2",0.0835634155874209,1.61192488331156,0.331,0.201,1
"RPL36A",0.0838148417008762,0.357406601440168,0.43,0.386,1
"ARPC5L",0.0843561353012194,0.420311891913373,0.446,0.334,1
"SPSB3",0.0874405734598567,0.366329177146408,0.314,0.166,1
"TMEM69",0.0874405735866356,7.27469879704134,0.314,0.176,1
"RNF114",0.0884322081070725,1.3873458540684,0.43,0.267,1
"NCOA4",0.0901893643738332,0.395717249985689,0.438,0.307,1
"TIMM9",0.0910748755352338,1.84998804692672,0.256,0.129,1
"WNK1",0.0918674614671844,0.76674819318499,0.397,0.282,1
"CCDC167",0.0919566581521635,6.02131686319218,0.256,0.13,1
"DDI2",0.0926871256859737,0.818638520370637,0.24,0.118,1
"ADIPOR2",0.0936031340939132,1.57703641772129,0.339,0.204,1
"ATP8B1",0.0937299205913324,9.39281415553722,0.248,0.069,1
"SERPINB7",0.0940493117115978,127.451970047658,0.215,0.01,1
"CCNDBP1",0.095537869828658,10.3925449541731,0.314,0.181,1
"PHIP",0.0962058898464503,2.2308071012009,0.273,0.28,1
"PBRM1",0.0964392783232592,3.48769730912821,0.298,0.172,1
"PBX2",0.0976280080097619,0.736169560841986,0.157,0.161,1
"C19orf25",0.097736652047146,2.00363925172999,0.149,0.133,1
"ZNRD1",0.0985526809389402,0.570570324566685,0.116,0.1,1
"NUDT21",0.0992071405711035,0.752508827219141,0.372,0.253,1
"TMEM199",0.100319634064498,1.14090013140479,0.24,0.105,1
"ARL1",0.100430666422715,1.39490690066222,0.421,0.359,1
"TMEM57",0.100902666291646,0.641350796167287,0.355,0.203,1
"TCEAL8",0.102948934871002,1.81309726848255,0.231,0.256,1
"RAB5C",0.104224797483137,0.440057605831702,0.496,0.424,1
"DSC2",0.104256355843518,14.6403148688405,0.273,0.111,1
"FAM3D",0.104909044731007,52.1369153359565,0.19,0.001,1
"WNT7A",0.105067760400034,11.7714818895242,0.157,0.006,1
"TSN",0.105119387839197,8.87177251384238,0.339,0.217,1
"TERF2IP",0.105545057380806,1.13337195222848,0.455,0.387,1
"PLEKHM1",0.105980080894704,0.405898761651528,0.264,0.103,1
"RSPRY1",0.10629626517981,0.601500222783735,0.174,0.15,1
"SNAP25",0.106810152392595,3.62623253394646,0.215,0.268,1
"VPS26A",0.107011419528714,6.83221279752069,0.281,0.125,1
"RAB5A",0.1087384529667,1.3705818186608,0.322,0.232,1
"PSMC3",0.109331297026796,0.539050712009183,0.256,0.263,1
"CALML4",0.111982747084699,27.7964866862013,0.231,0.023,1
"ALDH9A1",0.112287900410554,2.1726867271517,0.248,0.263,1
"YPEL5",0.112392554447709,2.90616528903392,0.38,0.281,1
"RPL35A",0.11358261082741,1.42530408192303,0.479,0.395,1
"HNRNPD",0.114077498399839,0.251498579687126,0.463,0.401,1
"MOB4",0.116362116838766,0.92299691274176,0.165,0.165,1
"CAMSAP3",0.116655054311441,4.36475322866912,0.116,0.091,1
"BIRC2",0.116762899901871,5.38704541492953,0.347,0.21,1
"EIF3J",0.117385605525294,0.274068181062366,0.43,0.302,1
"RPL23",0.118102327617214,1.59308790475751,0.471,0.424,1
"TMEM65",0.118665050366945,0.409178486981856,0.256,0.158,1
"AP3D1",0.118695648553028,0.532783453505886,0.413,0.329,1
"SIAH2",0.118853092255626,0.631135055941534,0.248,0.114,1
"ZCCHC14",0.119234265746692,3.09615267576668,0.116,0.105,1
"PCDH1",0.120017122405921,8.99917005770328,0.289,0.11,1
"SYNCRIP",0.121194507766982,0.765740424913526,0.438,0.319,1
"MRPS27",0.122054412840877,0.770289957159471,0.165,0.165,1
"EMC3",0.123071903162188,3.84717071938449,0.24,0.235,1
"ACBD5",0.12318886378136,4.19583489063994,0.14,0.115,1
"ICA1",0.12409600562569,2.4707191509798,0.38,0.276,1
"SEC22B",0.124141273568266,0.731753997433012,0.38,0.315,1
"TRMT11",0.126251275118458,1.35016271217185,0.107,0.088,1
"NADK",0.126269625775942,4.47587018637432,0.157,0.147,1
"CNOT3",0.126324688446787,1.36584514550423,0.273,0.152,1
"USP19",0.127291305916232,1.53758259113044,0.107,0.094,1
"CIAO1",0.128724067695409,1.661765451223,0.124,0.1,1
"UPK1B",0.130837703320278,9.01653142369143,0.207,0.011,1
"PNPLA8",0.131669805030494,4.55224070447131,0.298,0.167,1
"PDCD10",0.13348994502921,2.93701545511599,0.339,0.199,1
"PRKAG1",0.134051300941074,0.304315742078411,0.364,0.265,1
"MVD",0.135426340132586,10.4484774295578,0.116,0.096,1
"MTX2",0.135440872178571,3.67514519365718,0.124,0.113,1
"DARS",0.13575117601245,1.62677645462862,0.43,0.322,1
"PRKACB",0.136992979497021,3.15304767700316,0.273,0.165,1
"GOLGA5",0.137565672895454,0.749668068624566,0.248,0.143,1
"CNRIP1",0.138386303634367,0.397963912757133,0.116,0.115,1
"FAM45A",0.138406005719351,0.549291111963736,0.256,0.129,1
"NMRK1",0.138543979629789,5.62805883842081,0.24,0.087,1
"RBP1",0.139364153073286,21.3029094158545,0.421,0.335,1
"USB1",0.14120067961005,1.60694928259345,0.19,0.2,1
"RPL10A",0.141811960544811,1.32549737779708,0.496,0.429,1
"EIF2B1",0.145307484508098,1.20675786763901,0.149,0.133,1
"PHF5A",0.150926497745315,1.47989433032982,0.215,0.208,1
"MMADHC",0.151253120772078,1.26636238785843,0.405,0.285,1
"KIAA1191",0.1513691484814,1.82419760353641,0.413,0.281,1
"WFDC2",0.152931526106456,45.2551944227251,0.116,0.113,1
"THRAP3",0.153816076984156,2.31166393351108,0.331,0.311,1
"CISD3",0.154147444829384,1.26534582180176,0.289,0.287,1
"SLBP",0.154216992467746,1.89553537580212,0.289,0.162,1
"ZNF185",0.155489111068052,4.39073780967516,0.165,0.022,1
"LSS",0.157730386460191,2.09597484287621,0.116,0.091,1
"TOX",0.158706985099132,2.50114515304893,0.107,0.117,1
"SNX2",0.160392579282426,8.17396411014129,0.256,0.148,1
"AKR1B10",0.160497339398498,68.0557108099027,0.116,0.023,1
"TPRKB",0.161176795739712,7.03930078776584,0.124,0.112,1
"ZSWIM8",0.162614619553202,9.83137722394635,0.19,0.192,1
"TMEM62",0.163798706373278,1.63875694854284,0.215,0.093,1
"COX6A1",0.165575721954412,0.459491419032229,0.496,0.443,1
"TMEM92",0.167691875581837,17.2012572405891,0.165,0.012,1
"RYBP",0.168142672310107,5.91261521192256,0.289,0.292,1
"SEC61A1",0.168594375398591,1.40967012957691,0.463,0.416,1
"TBC1D4",0.16908712798414,0.430434088330804,0.223,0.109,1
"ZFPL1",0.169138759832354,1.99787576421902,0.198,0.203,1
"CCNL1",0.169282239235738,0.50900865722967,0.339,0.223,1
"SSB",0.171294751074564,1.57230244226128,0.24,0.24,1
"DHPS",0.171532350054673,7.20075783159272,0.413,0.301,1
"GRB7",0.172811476113761,13.9043899909748,0.281,0.098,1
"SS18",0.172998127853734,1.86963224107047,0.355,0.267,1
"CAPZA2",0.174074280011786,2.37635982785632,0.421,0.357,1
"PEA15",0.174672990886054,5.57174204783155,0.38,0.277,1
"MBD2",0.174778803757262,0.589059859782808,0.331,0.228,1
"PPP1CA",0.175208433519097,1.61999757418461,0.438,0.375,1
"MGEA5",0.175526744524425,0.298801939005755,0.355,0.248,1
"RER1",0.176146921017452,1.15449922731869,0.372,0.274,1
"TBCA",0.176253405254167,0.490581169238115,0.455,0.417,1
"KHDRBS1",0.176348092246829,0.296644286476381,0.479,0.386,1
"CDC16",0.180232977067308,0.278381399747662,0.264,0.148,1
"CAPRIN1",0.180251028933181,0.790168424295416,0.438,0.342,1
"TMEM33",0.180859450892391,2.67365913602961,0.355,0.225,1
"PYCR2",0.181560116808765,1.78171014036317,0.421,0.322,1
"ZNF326",0.18256628712145,20.7085225301831,0.124,0.088,1
"FAM114A1",0.185591168138642,1.04178318801207,0.314,0.206,1
"RSBN1",0.186175914722401,1.8190412930013,0.174,0.164,1
"FDFT1",0.186502737602261,0.708212693489017,0.463,0.355,1
"SLC35C1",0.188273636940014,3.79538085723318,0.223,0.091,1
"HLA.G",0.188939356993046,8.26006443265684,0.107,0.09,1
"ABRACL",0.189738011540854,3.65805252916092,0.24,0.135,1
"UBE2Q2P6",0.190000615320378,0.430638377350425,0.463,0.361,1
"SCO2",0.191016001700473,0.265963847152677,0.132,0.115,1
"RSL1D1",0.194677732342132,1.1609743880152,0.273,0.16,1
"SMS",0.196550240152872,1.39983269471719,0.397,0.286,1
"SUSD6",0.197655582858698,8.00470008293788,0.331,0.174,1
"RPS16",0.199477673934452,0.592151854130788,0.463,0.403,1
"SGCE",0.199484149324567,19.1000649317978,0.19,0.178,1
"TRAP1",0.200458350901439,1.20088433821913,0.231,0.244,1
"PLEKHA2",0.20092067843766,3.79107864279788,0.174,0.055,1
"GALNT12",0.20099237592984,9.48006387365076,0.231,0.044,1
"OCIAD1",0.203158590188471,5.64124786722837,0.463,0.394,1
"MYO6",0.204805927732089,4.17287956657248,0.331,0.209,1
"DDOST",0.204872027414825,0.94506675667476,0.488,0.414,1
"MRFAP1L1",0.205268919157572,2.81636126217677,0.331,0.219,1
"CNOT2",0.206097581462507,0.941285068683028,0.347,0.223,1
"SPNS1",0.206642499871169,0.399180122955952,0.132,0.119,1
"VPS29",0.207035225482239,0.549410731067095,0.355,0.233,1
"HSPB8",0.208718715187457,30.6618837857135,0.107,0.07,1
"KIAA1109",0.20944324211946,0.441772749319297,0.132,0.109,1
"PKM",0.210236942768683,0.790012305838653,0.496,0.42,1
"LATS1",0.210486250798522,1.15954477268211,0.223,0.093,1
"RNF220",0.212800886040723,2.19093043036274,0.248,0.248,1
"FNBP4",0.213276896579111,1.81027739417036,0.264,0.164,1
"M6PR",0.21612850282372,5.00093770960908,0.215,0.221,1
"ZMPSTE24",0.216788856825503,3.452778701874,0.231,0.219,1
"BCL2L13",0.217485172263129,0.879202086821259,0.388,0.32,1
"NOTCH2",0.217913402557785,3.73755870958141,0.223,0.079,1
"VNN2",0.218196922696333,20.9507024086196,0.223,0.03,1
"MRGBP",0.218411469054849,1.93677201466,0.107,0.076,1
"DNAJC12",0.219007460111242,4.2290863290903,0.298,0.356,1
"IARS2",0.219291996800612,18.167867949102,0.281,0.134,1
"KIF1BP",0.219410056977791,0.33965981666729,0.182,0.173,1
"SLC35E2B",0.219841009815092,0.619059262429026,0.165,0.13,1
"DDX50",0.220293470023987,1.34237423459872,0.182,0.193,1
"PDIA3",0.220530413652258,1.92640280549638,0.455,0.425,1
"PPP1R12C",0.221983880477849,0.288204358176057,0.174,0.145,1
"CAPN5",0.222895776249444,12.2559751165525,0.198,0.026,1
"MSH6",0.225704250384183,3.17444372842274,0.132,0.082,1
"APOL1",0.228459238071172,36.2254032848292,0.19,0.024,1
"TAP2",0.228852711167588,0.896467757692045,0.124,0.106,1
"FBXW11",0.229770295934039,0.57928993907154,0.298,0.228,1
"CDC25B",0.229942630192512,9.59767446700332,0.107,0.064,1
"ZNF770",0.230467390748169,2.96354084852028,0.281,0.161,1
"NDUFS2",0.230834510623679,0.530395705422317,0.331,0.339,1
"MIB1",0.232039542570855,1.20052464167211,0.248,0.13,1
"IFNAR2",0.232162460369456,0.435732890646283,0.289,0.13,1
"DVL1",0.232379489959819,0.860700475500588,0.364,0.246,1
"ANP32A",0.232756013429143,2.31511349582035,0.339,0.317,1
"SRP68",0.232944434927003,0.328958165765758,0.339,0.247,1
"KAT2A",0.236911658025655,0.896420834201795,0.116,0.094,1
"SLC4A2",0.237183214372702,0.391906568369295,0.223,0.199,1
"HNRNPH2",0.237197901590138,6.73703977010172,0.306,0.326,1
"CSNK1D",0.239400518955554,1.16622513201663,0.471,0.37,1
"DEXI",0.239592726817565,0.278172464151292,0.289,0.195,1
"SAR1A",0.240281143305169,0.373010867443395,0.24,0.241,1
"HAGH",0.242608306146631,0.698114763437392,0.322,0.307,1
"HDAC5",0.242869512666625,1.89193120740867,0.231,0.244,1
"PIN4",0.2438564168928,5.52500858901261,0.248,0.212,1
"UBE2R2",0.244163530457661,3.46764859108106,0.446,0.351,1
"USO1",0.244186010644025,0.31589878229228,0.38,0.274,1
"NASP",0.244275951324638,3.94133563807377,0.165,0.123,1
"USH1C",0.245642946121336,1.30390985813947,0.174,0.157,1
"AKAP12",0.249365156006473,16.8062863631998,0.124,0.09,1
"RPLP0P2",0.24948686440314,0.913369651706124,0.372,0.241,1
"RRM2B",0.250225594085876,2.53790233312032,0.273,0.183,1
"DHX32",0.250347591372973,3.03741717171691,0.231,0.116,1
"SLC41A3",0.250515409521134,0.546789977670153,0.223,0.185,1
"AASDHPPT",0.251929699452196,19.7780587197023,0.14,0.114,1
"RNF146",0.25295757646325,3.7890884376534,0.264,0.141,1
"C8orf59",0.253380312015804,0.435187562854547,0.331,0.221,1
"MIR210HG",0.25632221160948,2.35894034396125,0.14,0.071,1
"APPBP2",0.256795420871718,2.56813796609696,0.256,0.136,1
"SOS2",0.257440266567261,3.0809167212478,0.24,0.117,1
"NFKBIL1",0.258086235855618,3.80638818143513,0.165,0.147,1
"RABGAP1",0.258967493451772,0.847867181218543,0.174,0.174,1
"ANG",0.259600470070466,2.16350618379846,0.149,0.089,1
"MCOLN1",0.259976074670457,0.707804925555849,0.14,0.114,1
"MRS2",0.26189907692322,0.824337723158004,0.116,0.09,1
"CCPG1",0.261969905322324,7.17193755147878,0.273,0.143,1
"DHDDS",0.262347876282105,0.82288973955003,0.14,0.123,1
"RBM6",0.26252123904157,0.785972164131596,0.174,0.141,1
"SP100",0.263199688270162,3.27415516943782,0.339,0.202,1
"NOL7",0.263736992160261,0.882699076646824,0.331,0.218,1
"PLBD1",0.26382397568419,1.93539073191999,0.107,0.037,1
"HEBP2",0.266841170159016,2.3132763411344,0.421,0.296,1
"ALG5",0.273205680554951,1.69107141911348,0.314,0.238,1
"CCDC28A",0.279763774630679,3.10572877141018,0.231,0.115,1
"CCNH",0.281703091114668,6.16394666214573,0.116,0.084,1
"PPP2R5A",0.28172790872366,1.36625878861945,0.314,0.182,1
"FLYWCH1",0.28371799834767,2.35651828724796,0.157,0.113,1
"SPTLC2",0.284133794909507,0.60564929100658,0.215,0.095,1
"ZDHHC2",0.287282186445932,1.303801037874,0.314,0.21,1
"TIMMDC1",0.289542992478334,2.51687583788003,0.347,0.286,1
"GEM",0.290944093426497,16.6907317278479,0.182,0.073,1
"MAPK1IP1L",0.294398608155523,1.24627918319784,0.347,0.339,1
"TP53",0.295345494285397,1.67229475853312,0.149,0.098,1
"TARDBP",0.29612329900704,1.38902959876992,0.306,0.294,1
"PIGP",0.297236818095608,0.923645472848084,0.281,0.259,1
"AGFG1",0.29772593299835,1.32997389024281,0.298,0.175,1
"PITPNB",0.299067316946697,0.842280311206789,0.19,0.138,1
"PI4KA",0.299196508439748,1.7684306813679,0.149,0.119,1
"CKLF",0.301666887017304,6.09404915121968,0.24,0.221,1
"FNDC4",0.302707438349418,1.04481960139353,0.174,0.123,1
"MAD2L1BP",0.303289451595846,9.47768538404401,0.256,0.121,1
"E4F1",0.305380374909025,1.17211845724459,0.107,0.08,1
"RHOD",0.305957051204565,1.33584251753973,0.24,0.102,1
"UBE2E1",0.30620192322654,1.35587811147409,0.355,0.229,1
"CAAP1",0.30737558893173,5.68970073047316,0.132,0.08,1
"PPCS",0.308402794722983,2.90878485368836,0.281,0.195,1
"SETD2",0.309238516300667,3.85041178122103,0.19,0.163,1
"GTPBP2",0.310340427598903,3.3860837286361,0.256,0.121,1
"FNTB",0.311604190109344,0.795033558375902,0.132,0.09,1
"LARP1B",0.31299558102852,0.928939653509003,0.231,0.119,1
"IRS2",0.313146490943444,18.7062326866715,0.355,0.305,1
"MRPS33",0.314471179421345,0.337889621247188,0.38,0.332,1
"CHMP1A",0.3155050252224,1.33332010411833,0.215,0.198,1
"SETD1A",0.317024174370871,3.83668995398354,0.116,0.071,1
"SSRP1",0.317866238240255,1.32415425182209,0.421,0.349,1
"RNPEPL1",0.319194995507489,0.743336740627172,0.314,0.189,1
"ALG2",0.320094862175031,1.70897443913066,0.289,0.191,1
"CCDC97",0.322505623440693,1.61216392198607,0.132,0.1,1
"MTG1",0.323974092919105,1.19515403109842,0.198,0.154,1
"MGST3",0.324101207624377,0.423585077497413,0.347,0.395,1
"RETSAT",0.324846347069163,15.4365065126636,0.248,0.115,1
"PRRC2C",0.327838080205553,0.583276400420542,0.471,0.383,1
"SMIM5",0.329423206985568,9.9534984464837,0.116,0.087,1
"SPIN1",0.331464572598859,24.3092439412694,0.347,0.258,1
"FOXJ2",0.331787150166549,0.671001374551449,0.124,0.093,1
"FEM1A",0.33443069990783,3.49438118885869,0.165,0.131,1
"MRPL18",0.335906223933215,9.70008049654033,0.331,0.237,1
"EIF3I",0.33943086347639,0.283237012484796,0.397,0.346,1
"LUC7L",0.340357884506794,0.40571582944101,0.157,0.124,1
"RNF10",0.340826700080287,0.348980587088083,0.455,0.375,1
"ZMYND8",0.34091112703788,0.991730580148743,0.339,0.232,1
"CCNB1IP1",0.342207391928371,0.882899945744471,0.174,0.142,1
"KDSR",0.344223771230779,0.810266615910252,0.264,0.161,1
"ARHGEF5",0.34442204640217,5.09987725219468,0.19,0.071,1
"KCTD5",0.345849897315021,5.03690431152543,0.231,0.13,1
"PHRF1",0.347120149320513,1.03859123696126,0.124,0.106,1
"UQCRC2",0.347613885461209,4.83871029073331,0.331,0.317,1
"ANKHD1",0.34768988213811,3.83137297600662,0.289,0.208,1
"SNX27",0.350136952328489,0.616502941997314,0.256,0.166,1
"EIF3C",0.350175125424606,6.57765264400482,0.314,0.204,1
"LYST",0.35048060082536,1.39464776329339,0.107,0.073,1
"LRPPRC",0.350604751599477,0.531318770829518,0.174,0.171,1
"ATF1",0.35110162371738,0.495761536775123,0.14,0.108,1
"RPL3",0.354900144180411,1.21488266062618,0.455,0.419,1
"SARAF",0.355343057946093,2.32803333334877,0.455,0.405,1
"RPN1",0.356770456968949,0.65006195209163,0.471,0.385,1
"SCFD1",0.360335299067099,1.62659744174486,0.281,0.191,1
"SLC30A5",0.360393605436004,1.83520945825641,0.264,0.158,1
"ERC1",0.361346793097955,5.08038689400794,0.174,0.155,1
"POLB",0.363795320162228,17.2817446061587,0.215,0.099,1
"MFAP1",0.364705172566751,2.14273949505802,0.14,0.104,1
"ATF2",0.367276049574752,0.29891554681524,0.256,0.151,1
"SLC52A2",0.367472763208715,0.657352040683358,0.223,0.202,1
"LZTFL1",0.368289819891594,3.83150384410421,0.149,0.064,1
"FAM98A",0.36867413155626,4.54346022220804,0.24,0.146,1
"SEP15",0.369364549263747,1.00208383804151,0.455,0.392,1
"EMC4",0.3693941558124,1.16688796289885,0.488,0.383,1
"PPP2CA",0.37166842022408,3.75308457431091,0.38,0.321,1
"RCC2",0.373414575956815,6.81993196174118,0.256,0.15,1
"CASC3",0.373573571227828,3.73900700406648,0.322,0.234,1
"TJP3",0.374598088547571,7.07407756537046,0.207,0.036,1
"GAL3ST1",0.376482549362491,22.4445670666122,0.116,0.049,1
"RASSF7",0.376522496883741,1.04154334439901,0.256,0.109,1
"ZBTB4",0.378282707437302,0.464415061111894,0.314,0.319,1
"AHNAK2",0.378863876607966,5.59237135923401,0.157,0.016,1
"TCN1",0.380469968217494,25.1818014425354,0.174,0.014,1
"PPP4R2",0.381355102736707,1.61342073570676,0.289,0.185,1
"PPP2R5D",0.382806219183919,3.22636042009843,0.107,0.069,1
"SUMO3",0.385799689867711,0.970320514853901,0.397,0.372,1
"BCL6",0.387017312388736,1.85735439616898,0.182,0.125,1
"DPP8",0.389490181725607,1.68832941827709,0.281,0.223,1
"SEC23IP",0.390847702200835,1.22027718992479,0.165,0.103,1
"HDDC2",0.396182839229351,1.75049198357092,0.24,0.238,1
"SNHG5",0.398525557967719,0.949616445267685,0.339,0.361,1
"SPEN",0.400482442076587,1.8095221804053,0.198,0.161,1
"WBSCR16",0.40431964258656,0.948622129421496,0.19,0.167,1
"SFXN1",0.405248428369272,0.879639485815886,0.182,0.162,1
"GALNT5",0.406209856763078,53.1543194777016,0.149,0.002,1
"NEK6",0.406931824503682,9.65518593544369,0.107,0.047,1
"ECHS1",0.408535443231764,0.991690930398285,0.388,0.369,1
"PACS2",0.409795802061922,1.05857017496043,0.198,0.15,1
"CDC42BPB",0.411026882158543,3.44015143423469,0.364,0.263,1
"CLDN10",0.41172229960647,78.7795178520707,0.24,0.071,1
"OXA1L",0.411901540085457,0.604733099638862,0.298,0.25,1
"ACAA1",0.412144109221145,0.59777778015075,0.314,0.199,1
"GJB3",0.412217947905642,46.0843479299126,0.124,0.007,1
"BCKDK",0.412713956697812,1.44030842577774,0.306,0.268,1
"ACYP2",0.413717592708678,1.85118023310418,0.132,0.089,1
"SMIM12",0.414902686948336,0.744919847499679,0.223,0.205,1
"RPL37A",0.419034330852757,1.14450061341865,0.471,0.44,1
"HIAT1",0.419727050119804,0.647253626715878,0.182,0.162,1
"DNAJB6",0.420025667123107,2.42128753396986,0.413,0.328,1
"SCYL2",0.424004786956693,2.84534452451653,0.198,0.084,1
"SMAGP",0.424691582474422,0.525800910375517,0.207,0.064,1
"KEAP1",0.425572493563103,7.5852696207009,0.322,0.231,1
"RASEF",0.42647598773307,0.410384705567335,0.198,0.061,1
"CCDC71",0.427315951540274,0.801099404123253,0.107,0.063,1
"TMBIM4",0.429268811011432,2.0383042303577,0.421,0.325,1
"STK39",0.432397629158766,6.51417310217829,0.24,0.1,1
"ACIN1",0.43246272971339,1.63401727416637,0.264,0.239,1
"OXSM",0.433266065892284,4.14153209426004,0.107,0.054,1
"HIVEP2",0.434929762550761,7.91997737187321,0.19,0.142,1
"EIF1B",0.435550516001893,3.49500432408065,0.43,0.357,1
"SGK223",0.437164664023352,26.7046412678329,0.19,0.043,1
"DGAT1",0.438530650547981,1.42514984302645,0.14,0.111,1
"SEC31A",0.43878226295144,1.54513151853382,0.38,0.328,1
"MAN1A2",0.442126641725872,2.4185099583118,0.421,0.377,1
"SMIM22",0.442302483863253,2.82647152003414,0.397,0.272,1
"MYBBP1A",0.443193305959536,0.54552030274194,0.107,0.05,1
"TUT1",0.445110397619242,2.08800309182531,0.182,0.084,1
"CUEDC1",0.445375196994295,1.07167898411825,0.24,0.181,1
"YEATS2",0.446015490829195,5.56309216014309,0.116,0.074,1
"NDRG2",0.448094534947964,50.5560165803517,0.165,0.111,1
"ORAI3",0.449957053064048,0.989707979496783,0.24,0.142,1
"PIGA",0.450234585840548,3.79440874308182,0.165,0.056,1
"ERLIN1",0.451078889497892,0.930707629263967,0.231,0.147,1
"NDNL2",0.452803595278645,1.03699274764056,0.207,0.193,1
"POLR2E",0.453070982229665,0.36045486502906,0.397,0.387,1
"FLOT2",0.453494518863629,0.973631304602972,0.248,0.212,1
"KRT15",0.453996363127082,252.560620654663,0.174,0.009,1
"CYTH2",0.454174878312743,3.13251675843592,0.322,0.243,1
"SLC30A7",0.457596497973798,4.1402481381156,0.231,0.131,1
"ISG20L2",0.461505278567336,1.43414774389522,0.14,0.111,1
"COX14",0.461899439302179,1.58994482098353,0.421,0.429,1
"PIGF",0.464822006287058,0.717731866866319,0.157,0.114,1
"REL",0.465953158594079,7.68709021980353,0.124,0.077,1
"TMPRSS3",0.466032395129356,0.396212768358211,0.132,0.008,1
"NUCB2",0.466870518220654,5.23021860020583,0.331,0.358,1
"CORO1B",0.466995173521093,1.50847280771696,0.405,0.333,1
"P4HA1",0.467187857781211,2.04673067300618,0.256,0.203,1
"AIMP1",0.468549251923929,4.31533323699414,0.231,0.194,1
"RB1CC1",0.46895809634086,2.57275829125937,0.231,0.12,1
"TCF3",0.472247363452498,1.22803422711294,0.157,0.112,1
"ZBTB21",0.474931368400982,4.87911964913074,0.124,0.065,1
"TOX4",0.475183068324418,0.931056589863132,0.306,0.238,1
"CLTA",0.476912599996485,0.630783752359417,0.438,0.421,1
"DUS1L",0.47770405556423,4.16451122434568,0.298,0.264,1
"PRPF31",0.479024748391132,0.37115397156263,0.207,0.166,1
"INIP",0.4804740540099,3.96189072564032,0.124,0.069,1
"KDM3A",0.481522261147589,3.08416203620231,0.215,0.106,1
"TATDN2",0.481660578463396,3.10994076720763,0.14,0.089,1
"DDX3X",0.484512419296716,0.548787314056928,0.322,0.241,1
"CIRBP",0.485229705099122,2.08211765226149,0.446,0.431,1
"RPN2",0.491617770832729,0.547342232657094,0.372,0.322,1
"TMEM200A",0.492235720348444,21.1673781552896,0.132,0.091,1
"CDH6",0.492562353125052,9.2246362642499,0.132,0.037,1
"ANKRA2",0.493671442746161,1.53129378070219,0.215,0.093,1
"UTP14A",0.495179604365556,4.44954922990915,0.107,0.053,1
"GLUD1",0.496291841720602,9.53419169827511,0.306,0.203,1
"AK2",0.496373852373074,1.1773562847641,0.405,0.403,1
"TMEM219",0.497487515900488,3.00894575375233,0.413,0.417,1
"MYL6",0.497616555580189,0.808610987778671,0.446,0.436,1
"C7orf55.LUC7L2",0.499483698135955,1.29042262098649,0.273,0.164,1
"IER5",0.499636521214659,1.46860105842467,0.215,0.093,1
"RHNO1",0.500895326738546,0.563875687780302,0.132,0.083,1
"MAP2K3",0.501814022755488,0.350038175728764,0.38,0.302,1
"WASL",0.502603865796217,1.73625679017984,0.331,0.243,1
"ZNF75D",0.502898748100232,13.7671104661201,0.14,0.029,1
"ETFA",0.503689497819113,1.00081625531882,0.256,0.213,1
"POLR2M",0.504788185087971,18.6667034324783,0.14,0.103,1
"RAB9A",0.507261885746341,8.65593156842396,0.264,0.149,1
"TCF20",0.51222832130897,2.49395660822392,0.157,0.121,1
"MAP3K7",0.512859842902512,0.272859274210568,0.215,0.103,1
"LRRC58",0.513909304542867,5.98939139228515,0.19,0.159,1
"DHFRL1",0.51488821353834,6.86057652244691,0.116,0.066,1
"AP3M2",0.51533023439907,0.745084919154053,0.107,0.06,1
"DDX24",0.515425838924807,4.41910420828258,0.397,0.408,1
"TRPV6",0.517064374341701,9.21526249098608,0.19,0.04,1
"DHX38",0.517567243676399,1.16308706839167,0.182,0.16,1
"GABARAPL1",0.518034423072139,1.89549748048194,0.43,0.379,1
"LCMT1",0.518322018474776,0.435279938018332,0.314,0.236,1
"MRFAP1",0.520337533530874,0.614822924536262,0.455,0.454,1
"FBXO32",0.522778310472849,7.53591895301043,0.107,0.067,1
"SLC35A2",0.522874621621662,2.23936631032647,0.19,0.17,1
"CCDC127",0.523440619058853,2.06523777841379,0.182,0.1,1
"SDHC",0.523850266430351,1.87156632932935,0.38,0.42,1
"MFN2",0.524718280834817,2.18716384226162,0.223,0.171,1
"USP12",0.525224964192149,2.19843236731375,0.207,0.128,1
"EBP",0.525864709035495,3.97461612524053,0.264,0.149,1
"IRF3",0.527242112839435,13.2971094261085,0.248,0.195,1
"SRSF5",0.529832729198191,1.1694426588213,0.438,0.412,1
"CTDSP1",0.532502698638466,3.42064325356416,0.281,0.203,1
"CPSF7",0.533061825597545,15.001644895009,0.273,0.188,1
"ULK1",0.535045465851252,2.17608070636136,0.215,0.16,1
"ST6GALNAC4",0.535764386795325,0.313230009769121,0.231,0.156,1
"RALB",0.537032820870274,1.70035424737404,0.19,0.099,1
"SCO1",0.537069433246933,0.59995062876046,0.165,0.114,1
"PSMD9",0.53930512866289,0.63108290247374,0.372,0.279,1
"SMIM13",0.541128879947957,3.54846496344672,0.107,0.054,1
"ITCH",0.547542347930775,1.32332214785012,0.149,0.063,1
"CFL2",0.548170962952862,4.05480661209191,0.223,0.142,1
"MPV17L2",0.551171006326453,0.559319076561538,0.157,0.052,1
"PURA",0.551430653419315,3.42214884994666,0.413,0.351,1
"KIAA1217",0.555332471742235,14.8445236867712,0.14,0.06,1
"FIP1L1",0.555766840750034,1.23096535510497,0.256,0.159,1
"DEGS1",0.555965464353673,3.77091188359228,0.198,0.185,1
"RALGPS2",0.558351636109115,0.539299517785429,0.107,0.062,1
"UNC50",0.558563152967116,3.40957479572816,0.198,0.139,1
"GPR108",0.559446963777763,3.46993927231071,0.331,0.25,1
"ATP6V1A",0.562901539030477,10.3323175255546,0.372,0.353,1
"DENR",0.562988969754929,0.665087352672354,0.306,0.232,1
"PRKCD",0.566591873222015,1.42142283453869,0.215,0.118,1
"TMEM184A",0.566754764016147,3.92325290462525,0.19,0.084,1
"CDC6",0.566930209421289,2.55072908639401,0.116,0.006,1
"FOXRED1",0.568422559467759,2.31202102450753,0.124,0.081,1
"AGR3",0.57021836499706,40.5502415346152,0.157,0.003,1
"RARRES3",0.572797482398468,46.8333032950721,0.124,0.06,1
"ERBB2",0.575293775086933,1.78503736383907,0.165,0.051,1
"PPP2R5C",0.578642800499074,2.80803068648692,0.306,0.255,1
"HYI",0.581341278769009,3.8870448597838,0.331,0.233,1
"PTER",0.583410276565173,0.881417097262652,0.165,0.087,1
"JTB",0.585928154300664,0.492998157570395,0.455,0.426,1
"REPS1",0.588349016397423,3.85004385916527,0.132,0.087,1
"KANSL3",0.591004517370783,9.14855293746608,0.165,0.098,1
"EXOC5",0.592794972902753,1.61258239228223,0.281,0.194,1
"CCDC64B",0.593422216246048,7.07867951343357,0.215,0.072,1
"RABGEF1",0.594280370309589,5.30276484818974,0.116,0.055,1
"SUN2",0.59476734112665,0.46418185691186,0.372,0.305,1
"DXO",0.597281947811425,1.39438157989009,0.132,0.093,1
"FNIP1",0.598528210335018,1.28623465025297,0.223,0.157,1
"NAGK",0.599363994050964,2.01565541517557,0.24,0.204,1
"PRDM4",0.600367629535754,2.17475024879343,0.182,0.122,1
"MAPK14",0.601333380831711,1.94288463814157,0.174,0.12,1
"B3GALT4",0.604880452752078,1.79112283207973,0.116,0.078,1
"TMEM242",0.606457062617193,1.6532505694642,0.165,0.124,1
"TRIM29",0.609615776288775,139.981340928467,0.116,0.002,1
"UBALD1",0.609758352470762,4.138607779843,0.248,0.168,1
"CAPN7",0.609965757075366,4.21544470184095,0.132,0.095,1
"GTF2H1",0.610186159643972,4.42077043384524,0.149,0.092,1
"SETD8",0.612015568070735,2.16631754356493,0.149,0.084,1
"BAG5",0.615317206561351,0.579451410653238,0.231,0.133,1
"ZMYND19",0.615642592690494,1.6995378513275,0.14,0.069,1
"AMZ2P1",0.618757102870314,17.0866082884591,0.182,0.088,1
"KMT2E",0.618822336778123,1.67805311401465,0.347,0.304,1
"PPP1R35",0.61969671317712,3.95422086530922,0.256,0.174,1
"RPL4",0.619970889628112,0.255153114929917,0.446,0.404,1
"APCDD1",0.623736242952532,71.1290443635013,0.157,0.021,1
"ARMCX1",0.623932627778768,3.828496808982,0.132,0.095,1
"AGR2",0.624338569666765,290.222407640496,0.174,0.003,1
"TSC22D4",0.624574334821833,6.67228679123795,0.298,0.204,1
"SAT2",0.624783934910583,1.46900060687926,0.405,0.346,1
"AUTS2",0.626619206991715,13.1108875637013,0.124,0.043,1
"RBBP4",0.628929698042501,0.340916580729863,0.273,0.243,1
"LYSMD3",0.630033713139572,0.771417086819628,0.198,0.106,1
"AAK1",0.63057288101337,0.38414922057827,0.281,0.241,1
"PWWP2A",0.631572828571687,0.345107930407739,0.149,0.109,1
"CEBPZ",0.633403428912474,0.38261044781713,0.215,0.181,1
"SCRIB",0.634009733370565,1.14812907398442,0.198,0.118,1
"UNC119B",0.634233865771709,2.05883498409929,0.215,0.175,1
"HLCS",0.635091146897177,3.07850813312245,0.132,0.081,1
"ZDHHC12",0.635289051864666,1.0270880808941,0.198,0.141,1
"MTOR",0.635421001579905,3.5140434241018,0.149,0.083,1
"ALDH6A1",0.638445828662554,2.34809718422951,0.116,0.055,1
"RNH1",0.640112723687803,0.339051283584491,0.446,0.396,1
"ZNF384",0.640337756483899,0.529818648045217,0.198,0.109,1
"AP3S2",0.642974470489178,0.491061950079711,0.165,0.107,1
"RDH11",0.643544808238443,4.83959745178509,0.322,0.282,1
"DHRS7B",0.644500255500649,1.51888911738098,0.19,0.122,1
"SPRED2",0.644566627259749,3.57379356809422,0.157,0.07,1
"MAFG",0.64520395059101,2.89249627567836,0.339,0.261,1
"NAA50",0.645735249494529,10.4769004301466,0.355,0.265,1
"CEP170B",0.650285216196467,10.4052574303394,0.231,0.148,1
"KDM7A",0.650351832516388,4.99671877037356,0.207,0.098,1
"HNRNPA2B1",0.653125589345854,0.862826885823359,0.421,0.423,1
"IP6K2",0.655209052497831,1.55273922928827,0.339,0.271,1
"FARSB",0.655369429485197,2.9118132924978,0.273,0.196,1
"SFTA2",0.657014218061081,20.9681825340284,0.132,0.01,1
"B2M",0.658232175891026,1.91534863239192,0.537,0.416,1
"ARFGEF2",0.658352674977639,2.82203177869646,0.182,0.138,1
"H3F3A",0.662898174662452,1.62554669485971,0.512,0.453,1
"ZNF146",0.66320701682985,11.6451092770354,0.207,0.104,1
"NFATC3",0.664402666427225,3.45990714520532,0.182,0.112,1
"RGS7",0.66693111446555,2.27549078821688,0.132,0.081,1
"OSBPL2",0.667402255680919,0.453030644714329,0.223,0.124,1
"SLC20A1",0.668021667814186,4.33588158832402,0.124,0.066,1
"GBP3",0.674741888320499,0.367817762825929,0.14,0.03,1
"SLC22A5",0.674741888779534,2.3024598647974,0.116,0.047,1
"RPL14",0.675959185868007,1.20351546101799,0.405,0.374,1
"CUL4A",0.679453433201506,1.34847574808147,0.248,0.185,1
"TIMM10B",0.680592588935732,3.55794614453822,0.273,0.196,1
"ALDH2",0.685428505327356,0.866414423082063,0.256,0.145,1
"SRRM1",0.685863831836653,2.36156365990251,0.339,0.276,1
"ATXN7L3",0.688042016327686,0.673172746162269,0.223,0.198,1
"DVL3",0.690836601077055,1.00664640020644,0.231,0.188,1
"BTF3L4",0.691696275194507,2.98399002648645,0.347,0.285,1
"CCDC68",0.693252879502833,10.4148884338583,0.124,0.012,1
"GALNT1",0.694551045450842,1.85120718183421,0.248,0.167,1
"MAT2A",0.694851802940438,5.86863871453479,0.364,0.34,1
"PRDX5",0.695521840820312,0.604392862894736,0.455,0.415,1
"TMEM98",0.695658607843378,11.9367721061449,0.198,0.107,1
"CXCL17",0.696082661450357,27.7194210419035,0.182,0.064,1
"WASH6P",0.696246840133313,4.95501702930309,0.339,0.267,1
"NET1",0.696712079645128,2.05406001478086,0.207,0.105,1
"CYB5R1",0.697122683118953,3.24898299740711,0.289,0.243,1
"C5orf51",0.69761552006747,4.97142119273932,0.116,0.051,1
"XRN2",0.69779352257521,0.334361667347174,0.207,0.158,1
"DNAL4",0.702646992774873,1.70726411433914,0.215,0.148,1
"SLC22A3",0.702907833115715,18.2568986261919,0.132,0.007,1
"SLC25A42",0.703017672784407,0.446506078814803,0.107,0.065,1
"FASTK",0.703649368619851,0.354387034440513,0.314,0.279,1
"EGLN3",0.704597288495309,25.5423012101644,0.174,0.023,1
"GOLGA8B",0.706535775544734,1.73301532167173,0.124,0.067,1
"ADNP",0.70748509282284,2.78778571652517,0.215,0.152,1
"DGKA",0.709109613436858,6.22234606529363,0.149,0.067,1
"DERL3",0.709219797801195,25.0235311087558,0.124,0.027,1
"FUBP1",0.714198200469635,1.61394769145579,0.331,0.286,1
"VSIG2",0.714501985879965,47.6300563759925,0.116,0.001,1
"GCN1",0.715095888318583,6.86607873483293,0.264,0.188,1
"FAT1",0.715289287196701,16.2193205934675,0.165,0.097,1
"DHX36",0.718206310774533,0.266214024405246,0.289,0.248,1
"DDX10",0.719036546149808,7.42269015148446,0.14,0.088,1
"ARID1A",0.720310223510134,3.88849146808039,0.38,0.305,1
"RBMX",0.722651930101246,0.431303402199704,0.372,0.325,1
"PAICS",0.723012422778818,0.737411470152896,0.256,0.202,1
"DNAJC16",0.726606839896816,3.40492942777319,0.132,0.079,1
"TTC9",0.72899720236023,3.84294293830311,0.157,0.064,1
"PHACTR2",0.731947091047817,1.7366523121902,0.207,0.146,1
"PVRL4",0.732601612518677,47.4917738535231,0.124,0.051,1
"CS",0.733618601316858,6.88226402553173,0.421,0.353,1
"TOR1AIP1",0.733883370965207,0.445299534835103,0.24,0.165,1
"EGLN2",0.735012488871977,0.736158787619396,0.231,0.176,1
"STXBP2",0.737509728450662,1.50381360482369,0.281,0.194,1
"LAMTOR1",0.737551607931265,0.583503233494518,0.446,0.407,1
"SUMO2",0.738710511177687,0.975582539923466,0.446,0.43,1
"PLA2G12A",0.738752407425893,4.28940225841548,0.306,0.24,1
"INPPL1",0.739339076688461,1.92667082452667,0.24,0.19,1
"DYNC1LI1",0.739953845258921,2.42893841444208,0.198,0.135,1
"CPSF2",0.740862330417319,2.57367121234877,0.174,0.086,1
"PITX1",0.741058050500522,309.315994127379,0.157,0.002,1
"RNF113A",0.745298103561157,4.61151860859731,0.149,0.082,1
"PNO1",0.746699162974011,2.73683800343023,0.157,0.077,1
"RPS6KB2",0.747077593973235,0.431023965799758,0.24,0.179,1
"PTPN13",0.747371969092446,9.89638790425378,0.132,0.056,1
"SNAPC5",0.747918766716267,0.573118686443925,0.182,0.103,1
"ACSS2",0.749616045109419,3.41225636073165,0.19,0.076,1
"YIPF1",0.750696764772813,1.24092109967959,0.248,0.156,1
"CHST4",0.751721792356046,12.6717311829469,0.14,0.002,1
"AGPS",0.757529135063786,6.16491612873206,0.149,0.091,1
"TIPRL",0.758388049176868,4.58493972240333,0.223,0.158,1
"TMEM127",0.760219514670793,5.13151603630177,0.331,0.249,1
"SYT4",0.760430924598299,2.13522206868075,0.298,0.277,1
"SPG20",0.760910184724532,2.36579404163966,0.223,0.157,1
"BRMS1",0.761051160659905,1.31665824515387,0.182,0.108,1
"DTX2",0.762842252994176,2.18666489772917,0.174,0.099,1
"JMJD1C",0.76484639690805,0.681903163482715,0.264,0.194,1
"SRPK1",0.765128796717471,0.907761391597746,0.207,0.134,1
"UBAP2",0.766682557206907,0.982010586879135,0.24,0.145,1
"DCP1A",0.767799019065143,3.91765793558262,0.19,0.141,1
"C16orf58",0.768208981189437,3.02970113511111,0.248,0.178,1
"GADD45B",0.76952412309317,27.4274794623143,0.314,0.253,1
"PCYT1A",0.770033386936153,10.8080704904611,0.198,0.143,1
"SNX6",0.770599353684388,4.51040500821965,0.256,0.168,1
"IQCB1",0.77231214416605,1.46888792692239,0.149,0.078,1
"MED27",0.773388515953485,1.02346289036439,0.24,0.164,1
"RPL36",0.773544346553114,1.22835771119338,0.405,0.377,1
"TMEM208",0.77357267858636,1.09382534957342,0.43,0.419,1
"ZBTB7A",0.773785185058506,2.04310812745301,0.405,0.331,1
"MRPL55",0.773813520123271,4.51426593837208,0.314,0.271,1
"MDM2",0.773898527187483,1.55001510755555,0.207,0.101,1
"UBLCP1",0.774734591409944,6.98303473282505,0.165,0.083,1
"YTHDC1",0.774933019110447,2.61919316811951,0.298,0.205,1
"PRPF4",0.776067165668642,1.05991424084015,0.174,0.106,1
"FRYL",0.777201790839246,2.35434043325188,0.215,0.105,1
"SPAG7",0.78421854689695,0.934603552961003,0.364,0.286,1
"TBC1D10B",0.78606800546598,8.11504240354225,0.231,0.169,1
"RBM47",0.786110700483965,1.91023569261349,0.364,0.281,1
"B4GALT4",0.786808127683886,1.64586780912177,0.231,0.135,1
"SPAST",0.788502592867171,4.36004717200048,0.157,0.061,1
"ZNF207",0.792122694246104,2.4233605461282,0.397,0.336,1
"COPS3",0.792208262218785,2.11250444724727,0.289,0.235,1
"PLS3",0.795504550029594,12.7498039150304,0.215,0.135,1
"FBXO42",0.796475584260144,7.06099611430982,0.157,0.083,1
"VAMP7",0.796632692998198,1.41507700107274,0.157,0.083,1
"DYM",0.799533537945037,0.715686608572276,0.198,0.113,1
"POLR2J",0.7996622132323,1.52545910866153,0.421,0.357,1
"LPCAT4",0.80289511368683,5.74551084715306,0.19,0.079,1
"SQRDL",0.806002451772861,1.10944976470027,0.306,0.207,1
"ORMDL3",0.806546910812276,5.75780895112641,0.314,0.258,1
"GNB1",0.809069835719857,1.04187852035789,0.471,0.447,1
"REST",0.810346385444807,12.1706018853892,0.165,0.067,1
"PRPSAP2",0.81119291977297,0.630412698495315,0.231,0.163,1
"SCYL1",0.81216885965808,1.90548360393516,0.322,0.271,1
"NDUFA11",0.812958437528874,0.725283631470836,0.446,0.434,1
"FOXK2",0.814351423401264,3.92849055687134,0.256,0.184,1
"C16orf91",0.814653074520645,11.8932295120926,0.149,0.061,1
"UPF1",0.815845589488343,1.1867242532241,0.347,0.301,1
"SSR2",0.819166750904481,0.954585958807164,0.471,0.431,1
"PPP1CC",0.821483420803793,0.659690335715301,0.388,0.332,1
"ATP11B",0.82171373297525,1.25367352502268,0.198,0.127,1
"KIF2A",0.822764733285412,0.735152169796796,0.14,0.069,1
"ATAD3A",0.823484780909416,0.365455501718957,0.182,0.11,1
"COQ5",0.824032115993505,4.90737828181734,0.182,0.091,1
"BACH2",0.82519908924203,5.37614499878315,0.116,0.041,1
"BCAP31",0.826568257618275,0.558273053931679,0.438,0.418,1
"ITGAV",0.828053315355853,1.15540274856493,0.347,0.295,1
"ZMIZ2",0.832598793170786,7.88331043014486,0.14,0.082,1
"UBE2G2",0.834490794671391,1.54954937096571,0.248,0.198,1
"CORO1C",0.83636929958186,0.274580277995014,0.215,0.127,1
"C1QBP",0.840867032618674,1.80396571606914,0.331,0.281,1
"SEC13",0.843038225687372,1.1356092977234,0.413,0.414,1
"C15orf57",0.844312546049767,3.12834442063231,0.174,0.125,1
"DCUN1D4",0.845022288486819,2.48806806911139,0.157,0.078,1
"AXIN1",0.84789150462601,0.342348846521586,0.182,0.094,1
"IRF1",0.848761364364316,0.935311346624502,0.223,0.156,1
"TARS",0.849399379065423,2.29733505460494,0.355,0.286,1
"PI4K2A",0.849950469537442,2.93474738996138,0.207,0.115,1
"TRIM56",0.851618692459739,0.898886022159126,0.24,0.19,1
"CORO2A",0.853273062884865,18.0702323199416,0.116,0.009,1
"PEX2",0.8544489311689,2.99486568705092,0.207,0.128,1
"DDX42",0.85524754479093,2.73849939360336,0.289,0.229,1
"DLG3",0.856060829483173,0.890875872658125,0.215,0.118,1
"GLRX5",0.863678153651045,0.954730600811612,0.24,0.161,1
"CDYL",0.864900450058229,1.78248637607563,0.24,0.169,1
"PURB",0.865366171814935,5.60763812073785,0.223,0.17,1
"TRAF3IP2",0.86594838952355,2.02027432763652,0.198,0.117,1
"ANKRD13C",0.867200403980272,0.328842073760823,0.132,0.06,1
"FBXW2",0.870040504654171,4.80293298512307,0.174,0.103,1
"ORMDL1",0.870856435932408,1.88512706066125,0.322,0.287,1
"ANXA7",0.875944494329167,0.990288299939726,0.388,0.42,1
"ZNF83",0.876863519949945,0.997540236475521,0.174,0.075,1
"FAM177A1",0.876863521174783,0.300234836156333,0.38,0.316,1
"PEX13",0.882308106885343,0.363557061778793,0.157,0.085,1
"XPO5",0.884908305767907,0.483216451835366,0.165,0.098,1
"SUMO4",0.886486562095095,1.64484442287767,0.421,0.396,1
"SH3BGRL2",0.887787498366416,0.989494552063434,0.19,0.092,1
"ZNF140",0.888752433831601,7.22800589180092,0.116,0.042,1
"MAPKAPK3",0.890404903368093,2.73279833965689,0.231,0.153,1
"NR0B1",0.890668172586055,4.9009736051021,0.165,0.097,1
"USP10",0.891458053022608,1.49056378090126,0.256,0.187,1
"CDH17",0.901384348542375,152.184325939114,0.132,0.005,1
"PARP6",0.903216150393722,0.456849099515137,0.19,0.108,1
"IKZF5",0.90323080652783,2.66810022130329,0.124,0.05,1
"STK19",0.90444741126347,0.513461504148261,0.223,0.181,1
"RBM39",0.904975165445291,1.03845923491358,0.388,0.339,1
"ABHD11",0.906382711998805,0.626023527640551,0.207,0.089,1
"EMC9",0.907643889732932,0.481084245994446,0.132,0.064,1
"SMNDC1",0.907775887342073,4.56068531295205,0.19,0.137,1
"HK2",0.910049569315672,3.77658971833102,0.157,0.04,1
"SLC35F5",0.912206581933786,5.3217464685776,0.207,0.118,1
"NPR2",0.912764282527941,13.7110544045763,0.124,0.045,1
"C12orf57",0.913263316106567,2.43929331322462,0.413,0.417,1
"CRELD1",0.916919020495774,3.18397601223143,0.314,0.28,1
"DDAH2",0.918167358044953,0.75595905588574,0.322,0.237,1
"YY1AP1",0.918284858559915,6.33917668053107,0.149,0.092,1
"KNOP1",0.918387673391362,1.57180154731685,0.198,0.09,1
"GDE1",0.920253264902893,1.09653731041314,0.314,0.253,1
"MOB3B",0.922119294089891,18.9928047151186,0.14,0.051,1
"TRIM23",0.923280269968927,1.61415627646346,0.149,0.068,1
"MRPS10",0.924162133548445,0.728572138675098,0.264,0.199,1
"PPIA",0.926734763858179,0.414120891804644,0.405,0.411,1
"PDZD11",0.92836694300889,7.39289408277048,0.14,0.08,1
"COG6",0.928661062084937,2.97066321574565,0.19,0.129,1
"SUCLG2",0.928764006082701,5.46150821694851,0.264,0.177,1
"WDR48",0.928793418671309,4.89459130956591,0.19,0.112,1
"TMEM170A",0.934000973421632,0.361556825189214,0.165,0.087,1
"SLC40A1",0.934560148562902,8.37842208363626,0.223,0.15,1
"APOL2",0.93731234279006,9.01331245629753,0.182,0.091,1
"WDR45",0.937901145976614,0.292649105552481,0.207,0.137,1
"ITSN1",0.939343856116208,9.18912690960728,0.14,0.052,1
"DPH3",0.939991668978939,4.14873923248166,0.207,0.143,1
"BOD1",0.940875113727821,1.42313551377319,0.231,0.185,1
"HSP90AB1",0.941287413941343,0.475954286484961,0.471,0.455,1
"HDLBP",0.941449392713572,1.12959789331615,0.438,0.421,1
"ZPLD1",0.942112057780453,17.9712503655426,0.116,0.004,1
"GGNBP2",0.942436043266758,0.458323760858803,0.264,0.209,1
"EBLN3",0.942789491851662,1.68489083296762,0.165,0.107,1
"ABCF1",0.944247587241137,2.20572547257976,0.331,0.27,1
"SMDT1",0.945028261094272,0.469840878571928,0.43,0.431,1
"DLG1",0.950199677596565,3.44324294052271,0.198,0.128,1
"RAD17",0.950317569977335,2.81700530540349,0.19,0.137,1
"SUGP1",0.953943277878878,4.37440549859116,0.165,0.087,1
"CYP4F11",0.954311798552055,3.82756963129975,0.116,0.014,1
"SEC62",0.956832740017437,1.32361938737346,0.446,0.422,1
"RAB24",0.962156113035828,1.08455440029982,0.314,0.264,1
"ANO6",0.962303599740535,0.784135821819901,0.19,0.118,1
"FOXC1",0.964058792294463,38.2342874111189,0.14,0.039,1
"PARN",0.965194598648302,3.6506905880869,0.149,0.086,1
"LZTS2",0.971125486681298,1.96735136359522,0.207,0.124,1
"MED10",0.972955252512248,1.76459054584032,0.256,0.21,1
"MRPL57",0.9738701895137,0.320429269090045,0.405,0.391,1
"YTHDC2",0.975655889625652,4.79004747907024,0.14,0.071,1
"MFSD10",0.976777549692367,1.81524898513021,0.281,0.196,1
"MBNL2",0.977928774732182,0.67258877056329,0.256,0.192,1
"BBX",0.97866676394409,2.39899469424395,0.355,0.301,1
"SUV420H2",0.979508093491355,5.06363659020144,0.107,0.033,1
"EFHD2",0.980998926471874,0.901891107088956,0.339,0.25,1
"ADO",0.98220935445814,9.83970896107145,0.157,0.069,1
"ABCD3",0.982504587283945,1.03404157222005,0.314,0.237,1
"GOPC",0.983523158143123,4.80125537162276,0.19,0.138,1
"TMPRSS2",0.984600805837459,3.2037483993517,0.207,0.098,1
"CBLC",0.984969869818505,2.81643050735762,0.165,0.056,1
"CLGN",0.98575229609132,7.6004721486198,0.174,0.101,1
"UBA2",0.986283763360581,0.314414439515291,0.322,0.251,1
"METAP2",0.987494349847634,2.32699927516242,0.322,0.279,1
"ZNF622",0.988808311525391,6.594388489011,0.24,0.172,1
"SREK1",0.989472685985914,5.35352925191802,0.24,0.182,1
"MRRF",0.990240416587318,2.31802020304483,0.165,0.085,1
"FEZ2",0.990845749099882,0.729703773085767,0.182,0.107,1
"LSM1",0.992396014099793,1.77023453199795,0.273,0.218,1
"TNIK",0.992971834376517,19.4784076134335,0.14,0.076,1
"MMS19",0.998331528563979,4.8236345774129,0.215,0.174,1
